{"type": "FeatureCollection", "features": [{"type": "Feature", "geometry": {"type": "LineString", "coordinates": [[75.8585841, 22.7179756], [75.8591601, 22.7180551]]}, "properties": {"bridge": "yes", "highway": "footway", "layer": "1", "source_id": "way/169557403", "edited_at": "2026-04-10T06:08:27Z"}}, {"type": "Feature", "geometry": {"type": "LineString", "coordinates": [[75.8595052, 22.7164022], [75.8590185, 22.716376]]}, "properties": {"bridge": "yes", "highway": "secondary", "layer": "1", "name": "Jawahar Marg", "source_id": "way/191943291", "edited_at": "2024-10-10T18:39:33Z"}}, {"type": "Feature", "geometry": {"type": "LineString", "coordinates": [[75.8613897, 22.7163098], [75.8608052, 22.7163372]]}, "properties": {"bridge": "yes", "highway": "secondary", "layer": "1", "name": "Jawahar Marg", "source_id": "way/191943293", "edited_at": "2024-10-10T18:39:33Z"}}, {"type": "Feature", "geometry": {"type": "LineString", "coordinates": [[75.855024, 22.7163676], [75.8546216, 22.7162964], [75.8540169, 22.716208], [75.8537394, 22.7161504], [75.8534638, 22.7161048], [75.8534287, 22.7160921], [75.853004, 22.7160386], [75.8525106, 22.7159652], [75.8521459, 22.715903], [75.8519308, 22.7158646], [75.8516486, 22.7158235], [75.8513407, 22.7157635], [75.8510136, 22.7157215], [75.8506922, 22.7156585], [75.850654, 22.7156498], [75.8499768, 22.715542], [75.8498823, 22.7155449], [75.8494727, 22.7155607], [75.8491984, 22.7155564], [75.8489325, 22.715557], [75.8480403, 22.715582], [75.8477702, 22.7155276], [75.8476414, 22.7155152], [75.8472537, 22.7154824], [75.8465504, 22.7154564], [75.8462834, 22.7154302], [75.8462137, 22.7154321], [75.8458704, 22.7154012], [75.8453048, 22.7153935], [75.8452361, 22.7153888], [75.8450912, 22.7153802], [75.8448378, 22.7153776], [75.8444528, 22.715364], [75.8439879, 22.7153537], [75.8437886, 22.71534], [75.8429284, 22.7153094], [75.8424734, 22.7152577], [75.8421381, 22.7152416], [75.8418283, 22.7152304], [75.8417348, 22.7152299], [75.8415842, 22.7152292], [75.8412489, 22.7152212]]}, "properties": {"highway": "secondary", "name": "Jawahar Marg", "source_id": "way/191943295", "edited_at": "2025-01-28T11:46:10Z"}}, {"type": "Feature", "geometry": {"type": "LineString", "coordinates": [[75.8602902, 22.7164143], [75.8601749, 22.7164314], [75.859656, 22.7164449]]}, "properties": {"highway": "secondary", "name": "Jawahar Marg", "source_id": "way/191943298", "edited_at": "2024-10-10T18:39:33Z"}}, {"type": "Feature", "geometry": {"type": "LineString", "coordinates": [[75.8659603, 22.7157154], [75.8659143, 22.7157155], [75.8656033, 22.7158086], [75.865116, 22.7159132], [75.8647925, 22.7159742], [75.8643401, 22.7160406], [75.8642308, 22.7160578], [75.8639375, 22.7160885], [75.8634726, 22.7161307], [75.8628649, 22.7161901], [75.8628359, 22.7161929], [75.862558, 22.71622], [75.8623384, 22.7162363], [75.8616402, 22.716288], [75.861622, 22.7162893], [75.8613897, 22.7163098]]}, "properties": {"highway": "secondary", "name": "Jawahar Marg", "source_id": "way/191943300", "edited_at": "2024-10-10T18:39:33Z"}}, {"type": "Feature", "geometry": {"type": "LineString", "coordinates": [[75.8594098, 22.7184598], [75.8594424, 22.7183844], [75.8595256, 22.7182], [75.8595227, 22.7181015], [75.8595206, 22.7180286], [75.8594708, 22.7176354], [75.8594858, 22.7174074], [75.8595704, 22.7170968], [75.8596671, 22.7166541], [75.8596493, 22.7165995]]}, "properties": {"highway": "secondary", "name": "River Side Road", "source_id": "way/191943386", "edited_at": "2023-08-29T12:18:09Z"}}, {"type": "Feature", "geometry": {"type": "LineString", "coordinates": [[75.8584965, 22.7198605], [75.8584865, 22.7198934], [75.8584694, 22.7199585], [75.858466, 22.7200896], [75.8584714, 22.7202616], [75.8584794, 22.7206092], [75.8584902, 22.7207415], [75.8585093, 22.7208414], [75.8585224, 22.7209098], [75.8585465, 22.7210211], [75.8586109, 22.7212091], [75.8586538, 22.7213526], [75.8587074, 22.7214652], [75.8587544, 22.7215493], [75.8588415, 22.7216891], [75.8589877, 22.7219872], [75.8590145, 22.7220689], [75.8590253, 22.7221369], [75.8590318, 22.7222147], [75.8591441, 22.7232983], [75.8591312, 22.7234098], [75.8591026, 22.7235291], [75.8590737, 22.7236039], [75.8590065, 22.7238205], [75.8589255, 22.7241215], [75.8588785, 22.7244113], [75.8588861, 22.7246955], [75.8588992, 22.7248125], [75.858922, 22.7249103], [75.8589689, 22.7250204], [75.8590105, 22.7250896], [75.8590762, 22.7251898], [75.8591889, 22.7253073], [75.8596998, 22.7258467], [75.8597669, 22.7259234], [75.8598232, 22.7260186], [75.8599305, 22.7262846], [75.8599621, 22.7264164], [75.8599681, 22.7264417], [75.8599962, 22.7266272], [75.8599909, 22.7267534], [75.8599516, 22.7268865], [75.859815, 22.7272435], [75.8596625, 22.7279439]]}, "properties": {"highway": "secondary", "name": "River Side Road", "source_id": "way/191943388", "edited_at": "2022-03-06T23:57:13Z"}}, {"type": "Feature", "geometry": {"type": "LineString", "coordinates": [[75.859307, 22.7184226], [75.8591833, 22.7187195]]}, "properties": {"bridge": "yes", "highway": "secondary", "layer": "1", "name": "River Side Road", "source_id": "way/191943390", "edited_at": "2012-11-21T16:59:51Z"}}, {"type": "Feature", "geometry": {"type": "LineString", "coordinates": [[75.8593047, 22.7187279], [75.8594098, 22.7184598]]}, "properties": {"bridge": "yes", "highway": "secondary", "layer": "1", "name": "River Side Road", "source_id": "way/191943391", "edited_at": "2012-11-21T16:59:51Z"}}, {"type": "Feature", "geometry": {"type": "LineString", "coordinates": [[75.8597655, 22.7279625], [75.8598635, 22.7274869], [75.8599198, 22.7272531], [75.8599882, 22.7270898], [75.8600566, 22.7269018], [75.8600794, 22.7267855], [75.8600941, 22.7266099], [75.8600767, 22.7264342], [75.8600691, 22.7263963], [75.8600646, 22.7263736], [75.8600472, 22.7262858], [75.8599801, 22.7261114], [75.8599171, 22.7259852], [75.8598487, 22.7258887], [75.8597589, 22.7257638], [75.859173, 22.7250922], [75.8590628, 22.7249321], [75.8589877, 22.7247243], [75.8589619, 22.7245491], [75.8589725, 22.7243947], [75.858983, 22.7242418], [75.859112, 22.7237701], [75.8591418, 22.7236876], [75.8591819, 22.7235926], [75.8592169, 22.7234291], [75.8592301, 22.7233203], [75.8591245, 22.7222012], [75.8591105, 22.7221079], [75.8590731, 22.7219969], [75.8589893, 22.7217771], [75.8589484, 22.7216817], [75.858847, 22.7214721], [75.8587705, 22.7213152], [75.8587176, 22.7211465], [75.8586502, 22.7208704], [75.8585921, 22.7206326], [75.8585649, 22.7202277], [75.8585558, 22.7200798], [75.8585492, 22.7199647], [75.8586033, 22.7198469]]}, "properties": {"highway": "secondary", "name": "River Side Road", "source_id": "way/191943397", "edited_at": "2022-03-06T23:57:13Z"}}, {"type": "Feature", "geometry": {"type": "LineString", "coordinates": [[75.859207, 22.7188862], [75.8592568, 22.7188365], [75.8592866, 22.7187792], [75.8593047, 22.7187279]]}, "properties": {"highway": "secondary", "name": "River Side Road", "source_id": "way/191943400", "edited_at": "2022-02-22T06:11:42Z"}}, {"type": "Feature", "geometry": {"type": "LineString", "coordinates": [[75.859207, 22.7188862], [75.8589669, 22.7190295], [75.8589211, 22.7190898], [75.8588536, 22.7192002], [75.8587436, 22.7194096], [75.8587012, 22.7195061], [75.8585624, 22.7197221], [75.8585337, 22.7197693]]}, "properties": {"highway": "secondary", "name": "River Side Road", "source_id": "way/191943403", "edited_at": "2022-02-22T06:11:42Z"}}, {"type": "Feature", "geometry": {"type": "LineString", "coordinates": [[75.8546271, 22.7088587], [75.8548528, 22.7091724], [75.8548625, 22.7091975], [75.8550475, 22.7096581], [75.8551573, 22.7099337], [75.8552158, 22.7100967], [75.8552189, 22.7101053], [75.8552722, 22.7103697], [75.8553065, 22.7105829], [75.8553719, 22.7108395], [75.855406, 22.7111758], [75.8554218, 22.7112487], [75.8555708, 22.7115311], [75.8556307, 22.7116626], [75.8557353, 22.7119583], [75.8559824, 22.7129116], [75.8560227, 22.7129808], [75.8561074, 22.7130361]]}, "properties": {"highway": "secondary", "name": "Moti Tabela Road", "source_id": "way/191943425", "edited_at": "2025-04-20T06:39:11Z"}}, {"type": "Feature", "geometry": {"type": "LineString", "coordinates": [[75.8637216, 22.71695], [75.8636968, 22.716735], [75.8637068, 22.7165284], [75.8637756, 22.7163507], [75.8638488, 22.7162229], [75.8638962, 22.7161511], [75.8639375, 22.7160885], [75.863993, 22.7158866], [75.8640037, 22.7158509], [75.8640651, 22.7156189], [75.8640946, 22.7153475], [75.8640664, 22.7147553], [75.8639901, 22.7143667], [75.863971, 22.7143197], [75.8638886, 22.7140182], [75.8638889, 22.7139658], [75.8639257, 22.7138708]]}, "properties": {"highway": "tertiary", "source_id": "way/191943429", "edited_at": "2025-12-19T08:32:42Z"}}, {"type": "Feature", "geometry": {"type": "LineString", "coordinates": [[75.8601041, 22.710571], [75.8599045, 22.7105954], [75.859745, 22.7106092], [75.8596486, 22.7106189], [75.8595339, 22.7106417], [75.8594876, 22.7106474], [75.8594279, 22.7106456], [75.859378, 22.710635], [75.8593352, 22.7106157], [75.8592514, 22.7105526], [75.8591939, 22.7105193], [75.8591306, 22.7105032], [75.8589753, 22.710483], [75.8585965, 22.7105358]]}, "properties": {"highway": "residential", "source_id": "way/191943432", "edited_at": "2025-06-19T18:23:35Z"}}, {"type": "Feature", "geometry": {"type": "LineString", "coordinates": [[75.8674051, 22.7170299], [75.8668594, 22.7171436], [75.8665048, 22.7172062], [75.8664464, 22.7172126], [75.8661901, 22.7172521], [75.8658592, 22.7172977], [75.8652145, 22.7174002], [75.8648349, 22.717417], [75.8646299, 22.7174286], [75.8645782, 22.7174278], [75.8644638, 22.7174261], [75.8640533, 22.7173158], [75.8637422, 22.7171772], [75.8634282, 22.7170358]]}, "properties": {"highway": "tertiary", "name": "Maharani Road", "source_id": "way/191943434", "edited_at": "2026-04-10T06:13:12Z"}}, {"type": "Feature", "geometry": {"type": "LineString", "coordinates": [[75.8584355, 22.7077562], [75.8585695, 22.7083657], [75.8586737, 22.7087731], [75.8587726, 22.7092935], [75.8588568, 22.7097364], [75.8593628, 22.7098109], [75.8595606, 22.7099324], [75.8596486, 22.7100513], [75.8599657, 22.7104653], [75.8601041, 22.710571], [75.8601768, 22.7106103], [75.8604131, 22.7107789]]}, "properties": {"highway": "tertiary", "source_id": "way/191943439", "edited_at": "2022-02-20T03:12:52Z"}}, {"type": "Feature", "geometry": {"type": "LineString", "coordinates": [[75.8571986, 22.7110764], [75.8574869, 22.7105011], [75.8575084, 22.7101719], [75.8575235, 22.7097855], [75.8575293, 22.7096077], [75.8575353, 22.709287], [75.8575497, 22.7087674], [75.8575644, 22.7086526], [75.8575975, 22.7083938], [75.8576475, 22.7077005]]}, "properties": {"highway": "tertiary", "source_id": "way/191943441", "edited_at": "2022-02-20T03:12:52Z"}}, {"type": "Feature", "geometry": {"type": "LineString", "coordinates": [[75.8601749, 22.7164314], [75.8601424, 22.7160853], [75.8601558, 22.7159145], [75.8601558, 22.71587], [75.860188, 22.7158156], [75.8602286, 22.7157713], [75.8608639, 22.7157562], [75.860943, 22.7157463], [75.8610007, 22.7157302], [75.8610477, 22.7156869], [75.8610865, 22.7156411], [75.8611764, 22.7154741], [75.8611898, 22.7154209], [75.8611938, 22.7153678], [75.8611954, 22.7153501], [75.8612005, 22.7152923], [75.8611912, 22.7152243], [75.861167, 22.71515], [75.8611362, 22.7150696], [75.8610798, 22.714941], [75.8609819, 22.7147975], [75.8609337, 22.7147158], [75.860898, 22.7146326], [75.8608679, 22.7145401], [75.8608559, 22.7144498], [75.8608572, 22.7143447], [75.8608641, 22.7142703], [75.8609033, 22.7141059], [75.8610049, 22.7137549], [75.861067, 22.7135725], [75.8610933, 22.7134601], [75.8611159, 22.7133533], [75.8611684, 22.7130556]]}, "properties": {"highway": "residential", "source_id": "way/191943443", "edited_at": "2021-03-02T06:27:07Z"}}, {"type": "Feature", "geometry": {"type": "LineString", "coordinates": [[75.8599891, 22.7117416], [75.8594761, 22.7115707], [75.8593707, 22.7115379], [75.8591758, 22.7115253], [75.8589931, 22.7115266], [75.8585917, 22.7115296], [75.8585417, 22.7115253], [75.8582206, 22.7114854], [75.8581155, 22.7113803], [75.8576815, 22.7112093], [75.8571986, 22.7110764]]}, "properties": {"highway": "residential", "source_id": "way/191943450", "edited_at": "2022-02-20T03:12:52Z"}}, {"type": "Feature", "geometry": {"type": "LineString", "coordinates": [[75.8663856, 22.7190702], [75.8661105, 22.7190571], [75.8646526, 22.7188401], [75.8645472, 22.7188331], [75.8638013, 22.7187835], [75.862797, 22.7187167], [75.8621942, 22.7186031], [75.8618563, 22.7185393], [75.8616991, 22.7184592], [75.8614669, 22.7183078], [75.8613072, 22.7182444], [75.861154, 22.7182452], [75.8608347, 22.7183644], [75.8607082, 22.7184138], [75.8604956, 22.7184927], [75.8601536, 22.7186241], [75.8596587, 22.7187648], [75.8593445, 22.7188758], [75.8592739, 22.7188826], [75.859207, 22.7188862]]}, "properties": {"highway": "secondary", "name": "MTH Compound Road", "source_id": "way/191943453", "edited_at": "2022-02-22T06:11:42Z"}}, {"type": "Feature", "geometry": {"type": "LineString", "coordinates": [[75.8561074, 22.7130361], [75.8561456, 22.7129226], [75.8561638, 22.7128546], [75.8559319, 22.7116087], [75.8559188, 22.7113578], [75.8559155, 22.711295], [75.8560187, 22.7110244], [75.8560762, 22.7109278], [75.8561876, 22.7107972], [75.8563352, 22.7106208], [75.8563542, 22.7105981], [75.8564128, 22.7104553], [75.8564143, 22.7103563], [75.8564156, 22.7102677], [75.8563471, 22.710162], [75.8560804, 22.7096355], [75.8559086, 22.7092107], [75.8556018, 22.7083046], [75.8554441, 22.7080403], [75.8554212, 22.7079894]]}, "properties": {"highway": "secondary", "source_id": "way/191943455", "edited_at": "2022-02-27T06:38:44Z"}}, {"type": "Feature", "geometry": {"type": "LineString", "coordinates": [[75.8664407, 22.7253509], [75.8663861, 22.7249096], [75.8663549, 22.7248324], [75.866293, 22.7247843], [75.866015, 22.724621], [75.8654304, 22.724293], [75.8653904, 22.7242691], [75.8652134, 22.7241419], [75.8650045, 22.7238319], [75.8649288, 22.7235806], [75.8647998, 22.7232495], [75.8647006, 22.7229385], [75.8645508, 22.7225674], [75.8644754, 22.7224001], [75.8643615, 22.7222185], [75.8642629, 22.722135], [75.8641011, 22.7220503], [75.8638977, 22.7219326], [75.8636872, 22.7218158], [75.8635134, 22.7217415], [75.8633535, 22.7216731], [75.8633023, 22.7216244], [75.8631787, 22.7215067], [75.8630642, 22.721265], [75.8629244, 22.7206319], [75.8628886, 22.7204563], [75.8628343, 22.7201896], [75.8627931, 22.7199126]]}, "properties": {"highway": "tertiary", "source_id": "way/191943462", "edited_at": "2026-04-10T05:33:43Z"}}, {"type": "Feature", "geometry": {"type": "LineString", "coordinates": [[75.8586033, 22.7198469], [75.8588112, 22.7198862], [75.8590704, 22.7199145], [75.8592032, 22.719929], [75.8595026, 22.7199225], [75.860002, 22.7199116], [75.8602986, 22.7199153], [75.8607513, 22.7199625], [75.861108, 22.7199968], [75.8615189, 22.7200285], [75.861779, 22.7200252], [75.8620116, 22.7199994], [75.8623295, 22.7199609], [75.8625424, 22.7199351], [75.8627931, 22.7199126], [75.8631357, 22.719893], [75.8635985, 22.7198571], [75.8638427, 22.7198404], [75.8646125, 22.7197747], [75.8648143, 22.7197548], [75.8649945, 22.7197371], [75.8653304, 22.7197069], [75.8658126, 22.7196963], [75.8659553, 22.7196788]]}, "properties": {"highway": "secondary", "name": "Mahatma Gandhi Marg", "source_id": "way/191943465", "edited_at": "2024-03-04T07:06:23Z"}}, {"type": "Feature", "geometry": {"type": "LineString", "coordinates": [[75.8634282, 22.7170358], [75.8637216, 22.71695], [75.8640417, 22.7168025], [75.8643689, 22.7166802], [75.8646438, 22.7166129], [75.8648609, 22.7165375], [75.865167, 22.716452], [75.8655879, 22.7163569], [75.8657882, 22.7163174], [75.8659407, 22.7162803], [75.8662527, 22.7162113], [75.8669548, 22.7160456], [75.8669914, 22.716032], [75.8672651, 22.7159301]]}, "properties": {"highway": "tertiary", "name": "Siyaganj", "source_id": "way/191943469", "edited_at": "2022-02-20T03:12:52Z"}}, {"type": "Feature", "geometry": {"type": "LineString", "coordinates": [[75.8558247, 22.7188501], [75.8558321, 22.7188266], [75.8558683, 22.7187437], [75.8558777, 22.7186781], [75.8558817, 22.7184406], [75.8558683, 22.7183627], [75.8558428, 22.7182959], [75.8556232, 22.718168], [75.85557, 22.7181452], [75.8554789, 22.7181508], [75.8554029, 22.7182093], [75.8553681, 22.7182687], [75.8553533, 22.7183664], [75.855352, 22.7184542], [75.8553641, 22.7186113], [75.8553788, 22.7187276], [75.855415, 22.718813], [75.8554687, 22.7188451], [75.8554968, 22.7188526], [75.8556644, 22.7188876], [75.8557141, 22.7188909], [75.8557865, 22.7188792], [75.8558247, 22.7188501]]}, "properties": {"highway": "secondary", "name": "Rajwada Square", "source_id": "way/191943472", "edited_at": "2025-02-19T05:17:28Z"}}, {"type": "Feature", "geometry": {"type": "LineString", "coordinates": [[75.8639257, 22.7138708], [75.8642287, 22.7133886]]}, "properties": {"bridge": "yes", "highway": "tertiary", "layer": "1", "source_id": "way/191943474", "edited_at": "2025-01-16T09:35:00Z"}}, {"type": "Feature", "geometry": {"type": "LineString", "coordinates": [[75.862797, 22.7187167], [75.8629435, 22.7183497], [75.8633497, 22.7173879], [75.8633839, 22.7171924], [75.8633727, 22.7171001]]}, "properties": {"highway": "tertiary", "source_id": "way/191943478", "edited_at": "2022-02-20T03:12:52Z"}}, {"type": "Feature", "geometry": {"type": "LineString", "coordinates": [[75.8591164, 22.712951], [75.858748, 22.713194]]}, "properties": {"bridge": "yes", "highway": "tertiary", "layer": "1", "source_id": "way/191943481", "edited_at": "2021-02-26T16:11:45Z"}}, {"type": "Feature", "geometry": {"type": "LineString", "coordinates": [[75.8589805, 22.7118576], [75.8589931, 22.7115266]]}, "properties": {"highway": "residential", "source_id": "way/191943487", "edited_at": "2018-12-12T07:00:43Z"}}, {"type": "Feature", "geometry": {"type": "LineString", "coordinates": [[75.8562141, 22.7130735], [75.8565602, 22.7132613]]}, "properties": {"bridge": "yes", "highway": "secondary", "layer": "1", "name": "Harsiddhi Bridge", "source_id": "way/191943500", "edited_at": "2022-02-20T03:12:52Z"}}, {"type": "Feature", "geometry": {"type": "LineString", "coordinates": [[75.8642287, 22.7133886], [75.8643621, 22.7131382]]}, "properties": {"highway": "tertiary", "source_id": "way/191943511", "edited_at": "2022-02-20T03:12:52Z"}}, {"type": "Feature", "geometry": {"type": "LineString", "coordinates": [[75.8569479, 22.7093393], [75.8571106, 22.7101451], [75.8571738, 22.710471]]}, "properties": {"highway": "residential", "source_id": "way/191943530", "edited_at": "2012-11-21T16:59:58Z"}}, {"type": "Feature", "geometry": {"type": "LineString", "coordinates": [[75.8571738, 22.710471], [75.8574869, 22.7105011], [75.8582237, 22.7105384], [75.8585965, 22.7105358]]}, "properties": {"highway": "residential", "source_id": "way/191943532", "edited_at": "2012-11-22T22:30:06Z"}}, {"type": "Feature", "geometry": {"type": "LineString", "coordinates": [[75.861154, 22.7182452], [75.8611543, 22.7183555], [75.8612377, 22.7187485], [75.8614228, 22.7195909], [75.8615189, 22.7200285]]}, "properties": {"highway": "residential", "source_id": "way/191943537", "edited_at": "2023-08-29T12:13:03Z"}}, {"type": "Feature", "geometry": {"type": "LineString", "coordinates": [[75.8595538, 22.7119306], [75.8595372, 22.7121142], [75.8595057, 22.712304]]}, "properties": {"highway": "residential", "source_id": "way/191943538", "edited_at": "2018-12-12T07:00:44Z"}}, {"type": "Feature", "geometry": {"type": "LineString", "coordinates": [[75.8564331, 22.7100402], [75.8567412, 22.709987], [75.856651, 22.7095365]]}, "properties": {"highway": "residential", "source_id": "way/191943540", "edited_at": "2012-11-21T16:59:59Z"}}, {"type": "Feature", "geometry": {"type": "LineString", "coordinates": [[75.8586242, 22.7102419], [75.8581981, 22.7102295], [75.8577611, 22.7101984], [75.8575084, 22.7101719], [75.8571106, 22.7101451]]}, "properties": {"highway": "residential", "source_id": "way/191943550", "edited_at": "2025-04-29T06:56:31Z"}}, {"type": "Feature", "geometry": {"type": "LineString", "coordinates": [[75.8645782, 22.7174278], [75.8645716, 22.7180288], [75.8645672, 22.7184356], [75.8645472, 22.7188331], [75.8645601, 22.7191906], [75.8646125, 22.7197747]]}, "properties": {"highway": "residential", "source_id": "way/191943551", "edited_at": "2024-01-09T11:29:36Z"}}, {"type": "Feature", "geometry": {"type": "LineString", "coordinates": [[75.8627931, 22.7199126], [75.8627164, 22.7191989], [75.86272, 22.7189775], [75.862797, 22.7187167]]}, "properties": {"highway": "tertiary", "source_id": "way/191943553", "edited_at": "2022-02-20T03:12:52Z"}}, {"type": "Feature", "geometry": {"type": "LineString", "coordinates": [[75.8593622, 22.7114852], [75.859382, 22.7113805], [75.8594262, 22.7113038], [75.8595047, 22.7112661], [75.8595463, 22.7111639], [75.8596542, 22.7108257], [75.8597179, 22.7108084], [75.859745, 22.7106092]]}, "properties": {"highway": "residential", "source_id": "way/191943554", "edited_at": "2019-07-12T14:40:07Z"}}, {"type": "Feature", "geometry": {"type": "LineString", "coordinates": [[75.8565602, 22.7132613], [75.8565897, 22.7133019], [75.8565992, 22.7133736], [75.856599, 22.7134426], [75.8565692, 22.7135503], [75.8564639, 22.71368], [75.8563338, 22.7137982], [75.8562009, 22.7138793]]}, "properties": {"highway": "secondary", "source_id": "way/191943585", "edited_at": "2025-06-10T05:40:50Z"}}, {"type": "Feature", "geometry": {"type": "LineString", "coordinates": [[75.8599483, 22.7118601], [75.8596851, 22.7118772], [75.8595538, 22.7119306], [75.8592203, 22.7118806], [75.8591895, 22.7119682], [75.8590313, 22.7119638], [75.8589805, 22.7118576], [75.8588301, 22.7118909], [75.8584839, 22.7119061]]}, "properties": {"highway": "residential", "source_id": "way/191943589", "edited_at": "2019-07-12T14:40:07Z"}}, {"type": "Feature", "geometry": {"type": "LineString", "coordinates": [[75.8615189, 22.7200285], [75.8615495, 22.7202524], [75.8615934, 22.7205811], [75.8616499, 22.7209215], [75.8617303, 22.7213922], [75.8617374, 22.7214408], [75.8618611, 22.7220706], [75.8619196, 22.7223097], [75.861986, 22.7226179], [75.8620101, 22.7227892], [75.8620755, 22.7232554], [75.8621087, 22.7235396], [75.8621409, 22.7237215], [75.8621454, 22.7238295]]}, "properties": {"highway": "tertiary", "source_id": "way/191943595", "edited_at": "2022-02-20T03:12:52Z"}}, {"type": "Feature", "geometry": {"type": "LineString", "coordinates": [[75.8585568, 22.7110205], [75.8587557, 22.7110116], [75.8589409, 22.7109741], [75.8591515, 22.7109818], [75.8592063, 22.7109818], [75.8592809, 22.7109818], [75.8593622, 22.7114852], [75.8593707, 22.7115379]]}, "properties": {"highway": "residential", "source_id": "way/191943602", "edited_at": "2019-11-21T04:13:30Z"}}, {"type": "Feature", "geometry": {"type": "LineString", "coordinates": [[75.8577703, 22.7137161], [75.8575514, 22.7137807], [75.8572662, 22.713794], [75.8571582, 22.7137991], [75.8567833, 22.7137915], [75.8565872, 22.7137812]]}, "properties": {"highway": "tertiary", "source_id": "way/191943609", "edited_at": "2025-05-27T11:17:23Z"}}, {"type": "Feature", "geometry": {"type": "LineString", "coordinates": [[75.8588568, 22.7097364], [75.8587473, 22.7098197], [75.8586242, 22.7102419], [75.8585965, 22.7105358], [75.8585568, 22.7110205], [75.8585417, 22.7115253]]}, "properties": {"highway": "residential", "source_id": "way/191943612", "edited_at": "2019-10-30T16:43:08Z"}}, {"type": "Feature", "geometry": {"type": "LineString", "coordinates": [[75.861622, 22.7162893], [75.861615, 22.7163596], [75.8615963, 22.7165467], [75.8615793, 22.7167111], [75.8615754, 22.7167626], [75.8612186, 22.7168863], [75.861171, 22.7169289], [75.8611469, 22.7169673], [75.8611335, 22.717018], [75.8611301, 22.7170619], [75.8611335, 22.7171182], [75.8611925, 22.7174572], [75.8612032, 22.717524], [75.8612032, 22.7175858], [75.8611965, 22.7176576], [75.8611781, 22.717908], [75.8611757, 22.7179642], [75.8611769, 22.7181108]]}, "properties": {"highway": "unclassified", "source_id": "way/191943613", "edited_at": "2024-03-21T09:16:57Z"}}, {"type": "Feature", "geometry": {"type": "LineString", "coordinates": [[75.8500693, 22.719226], [75.8499842, 22.7188541], [75.8497737, 22.7180665], [75.8497688, 22.718045], [75.8496791, 22.7175248], [75.8496546, 22.7173273], [75.8496532, 22.7168331], [75.8496623, 22.7166711], [75.8496305, 22.7163863], [75.8495828, 22.7159798], [75.8494727, 22.7155607]]}, "properties": {"highway": "tertiary", "source_id": "way/191943614", "edited_at": "2021-03-02T05:17:09Z"}}, {"type": "Feature", "geometry": {"type": "LineString", "coordinates": [[75.8624212, 22.7102232], [75.8623385, 22.7102616], [75.8620994, 22.7103337], [75.8620106, 22.7103594], [75.8619398, 22.7103506], [75.8618691, 22.710326], [75.8617516, 22.7103223], [75.8615605, 22.710356], [75.8609205, 22.7106523], [75.8607012, 22.7107538], [75.8605722, 22.7107884], [75.8605184, 22.7107878], [75.8604131, 22.7107789]]}, "properties": {"highway": "tertiary", "source_id": "way/191943616", "edited_at": "2021-03-02T12:27:12Z"}}, {"type": "Feature", "geometry": {"type": "LineString", "coordinates": [[75.8663493, 22.7129915], [75.866075, 22.7130365], [75.8655539, 22.7130695], [75.8650341, 22.713096], [75.8647321, 22.7131114], [75.8643621, 22.7131382], [75.8641313, 22.7130969], [75.8638666, 22.71303], [75.8637416, 22.7129935], [75.863481, 22.7129038], [75.8634111, 22.7128762], [75.8632907, 22.7128433], [75.8629862, 22.712771], [75.8627378, 22.7127397], [75.8626349, 22.7127456], [75.8625103, 22.7127527], [75.8623484, 22.712796], [75.8621138, 22.7128955], [75.8620067, 22.712944], [75.8618671, 22.7129938], [75.8617383, 22.7130198], [75.8614473, 22.7130457], [75.8612408, 22.7130631], [75.8611684, 22.7130556], [75.8611134, 22.7130222], [75.8610731, 22.712969], [75.8609013, 22.7126215], [75.8608588, 22.7125686], [75.8608066, 22.7125035], [75.8606817, 22.7124095], [75.8606485, 22.7123845], [75.8605275, 22.712362], [75.8604113, 22.7123417], [75.8600642, 22.7122965], [75.8598199, 22.7122239]]}, "properties": {"highway": "tertiary", "source_id": "way/191943622", "edited_at": "2024-03-20T11:44:54Z"}}, {"type": "Feature", "geometry": {"type": "LineString", "coordinates": [[75.8559643, 22.7077762], [75.8561579, 22.7088193], [75.8563596, 22.7095443], [75.8564236, 22.709855], [75.8564331, 22.7100402], [75.8564343, 22.7100989], [75.8564289, 22.7101595], [75.8564156, 22.7102677]]}, "properties": {"highway": "residential", "source_id": "way/191943629", "edited_at": "2021-03-02T05:17:09Z"}}, {"type": "Feature", "geometry": {"type": "LineString", "coordinates": [[75.8603304, 22.7109597], [75.8601015, 22.7114598], [75.8600005, 22.7117084], [75.8599891, 22.7117416], [75.8599483, 22.7118601], [75.8598359, 22.7121818]]}, "properties": {"highway": "tertiary", "source_id": "way/191943634", "edited_at": "2026-04-08T10:23:30Z"}}, {"type": "Feature", "geometry": {"type": "LineString", "coordinates": [[75.8591848, 22.7076993], [75.8597034, 22.7077881], [75.8603519, 22.7079332], [75.8604407, 22.707953], [75.8608899, 22.7080376], [75.8610799, 22.7081155], [75.8611204, 22.7081597], [75.8612277, 22.7082475], [75.8614365, 22.7085202], [75.8616747, 22.708913], [75.8618801, 22.709254], [75.8621697, 22.7098319], [75.8622212, 22.7099121], [75.8624212, 22.7102232]]}, "properties": {"highway": "tertiary", "source_id": "way/191943637", "edited_at": "2022-02-01T14:29:11Z"}}, {"type": "Feature", "geometry": {"type": "LineString", "coordinates": [[75.8548436, 22.7145733], [75.8549446, 22.7144777], [75.8560268, 22.713914], [75.8562009, 22.7138793]]}, "properties": {"highway": "secondary", "name": "PandhariNath Path", "source_id": "way/191943640", "edited_at": "2025-06-10T05:40:50Z"}}, {"type": "Feature", "geometry": {"type": "LineString", "coordinates": [[75.8558247, 22.7188501], [75.8561067, 22.7189914], [75.8561595, 22.7190168], [75.8563147, 22.7190801], [75.8565985, 22.7191959], [75.8571006, 22.719353], [75.8573184, 22.7194275], [75.8576325, 22.7195343]]}, "properties": {"highway": "secondary", "name": "Mahatma Gandhi Marg", "source_id": "way/191953028", "edited_at": "2026-04-07T11:04:06Z"}}, {"type": "Feature", "geometry": {"type": "LineString", "coordinates": [[75.8578442, 22.7196309], [75.8583711, 22.7198093]]}, "properties": {"bridge": "yes", "highway": "secondary", "layer": "1", "name": "Mahatma Gandhi Marg", "source_id": "way/191953029", "edited_at": "2022-06-26T09:49:51Z"}}, {"type": "Feature", "geometry": {"type": "LineString", "coordinates": [[75.8499305, 22.7334197], [75.8499943, 22.7332328], [75.8500672, 22.7330248], [75.8500917, 22.7329556], [75.8502713, 22.7323909], [75.8503932, 22.7320068], [75.8504876, 22.7317134], [75.8508367, 22.7305167], [75.8509089, 22.7302558], [75.8511548, 22.7294454], [75.8512486, 22.7291613], [75.8512993, 22.7290203], [75.8515766, 22.7283236], [75.8517123, 22.7279716], [75.8517301, 22.7279283], [75.8518169, 22.7276976], [75.8518754, 22.7275708], [75.8519141, 22.7274616], [75.8519898, 22.7272779], [75.8520495, 22.7270886], [75.8520868, 22.7269866], [75.8521609, 22.7267688], [75.8522784, 22.7264949], [75.8523679, 22.7262656], [75.852485, 22.7260242], [75.8525769, 22.7258327], [75.8528146, 22.7251948], [75.8529141, 22.724975], [75.8529985, 22.7247699], [75.8530793, 22.7245912], [75.8531988, 22.724393], [75.8533729, 22.7241047], [75.8533999, 22.7240685], [75.8535353, 22.7237911], [75.853731, 22.7233946], [75.8537963, 22.7232651], [75.8539825, 22.7228491]]}, "properties": {"highway": "secondary", "name": "Imli Baazar", "source_id": "way/191953031", "edited_at": "2025-06-27T03:30:53Z"}}, {"type": "Feature", "geometry": {"type": "LineString", "coordinates": [[75.8619341, 22.7202566], [75.8619821, 22.7205568], [75.8620675, 22.7212675], [75.8620747, 22.7213273], [75.8621058, 22.7214799], [75.8621346, 22.7215443], [75.8621648, 22.7216099], [75.8621822, 22.7216594], [75.8621849, 22.7217138], [75.8621702, 22.7218004], [75.8621225, 22.7219875], [75.8621044, 22.7220144], [75.8620803, 22.7220317], [75.8620414, 22.7220404], [75.8618611, 22.7220706]]}, "properties": {"highway": "residential", "source_id": "way/191953034", "edited_at": "2021-02-26T13:30:37Z"}}, {"type": "Feature", "geometry": {"type": "LineString", "coordinates": [[75.8565864, 22.7140093], [75.8566251, 22.7142015], [75.856659, 22.7147117], [75.8566025, 22.7150848], [75.8565451, 22.7152401], [75.8565312, 22.7152833], [75.8563986, 22.7156525], [75.8563787, 22.7157078], [75.8563691, 22.7157446], [75.8562678, 22.7160814], [75.8561951, 22.7163727]]}, "properties": {"highway": "tertiary", "source_id": "way/191953035", "edited_at": "2025-06-10T05:40:50Z"}}, {"type": "Feature", "geometry": {"type": "LineString", "coordinates": [[75.8578261, 22.7152956], [75.8578179, 22.7151134], [75.8578165, 22.7150825], [75.8577821, 22.7140659], [75.8577703, 22.7137161]]}, "properties": {"highway": "tertiary", "source_id": "way/191953040", "edited_at": "2025-06-10T05:40:50Z"}}, {"type": "Feature", "geometry": {"type": "LineString", "coordinates": [[75.8620588, 22.7238598], [75.8617304, 22.7239793], [75.8614201, 22.7240699], [75.8611266, 22.7241029], [75.8609403, 22.7240961], [75.8606999, 22.7240814], [75.8606386, 22.7240836], [75.8605511, 22.7240755], [75.8602922, 22.7239851], [75.85999, 22.7239007], [75.8597002, 22.7238073], [75.8595571, 22.7237488], [75.8591819, 22.7235926], [75.8591026, 22.7235291], [75.8590247, 22.7235519]]}, "properties": {"highway": "secondary", "source_id": "way/191953042", "edited_at": "2025-05-24T10:22:07Z"}}, {"type": "Feature", "geometry": {"type": "LineString", "coordinates": [[75.8576361, 22.7189209], [75.8575703, 22.718855], [75.8574518, 22.7187908], [75.8572637, 22.7187595], [75.8570379, 22.7187578], [75.8568912, 22.7187387], [75.8567182, 22.7186745], [75.8564481, 22.7184778], [75.8563607, 22.7184142], [75.8562309, 22.7183119], [75.8561011, 22.7182511], [75.8559346, 22.7182584]]}, "properties": {"highway": "secondary", "source_id": "way/191953043", "edited_at": "2026-04-07T11:04:06Z"}}, {"type": "Feature", "geometry": {"type": "LineString", "coordinates": [[75.8594424, 22.7183844], [75.8596394, 22.7183518], [75.8597649, 22.7183281], [75.8599879, 22.7182862], [75.860229, 22.7182443], [75.8603422, 22.7182303], [75.8604428, 22.7182093], [75.8605028, 22.718184], [75.8607218, 22.7180324], [75.8607593, 22.7179971], [75.8607788, 22.7179699], [75.8607875, 22.7179378], [75.8607848, 22.7179056], [75.8606753, 22.7175077], [75.860593, 22.7172085], [75.8605367, 22.7170502], [75.860475, 22.7169339], [75.8603999, 22.716872], [75.8603382, 22.7167953], [75.860298, 22.7167038], [75.8602524, 22.7166098], [75.8601749, 22.7164314]]}, "properties": {"highway": "residential", "source_id": "way/191953044", "edited_at": "2021-02-26T09:10:27Z"}}, {"type": "Feature", "geometry": {"type": "LineString", "coordinates": [[75.8607513, 22.7199625], [75.8606802, 22.7202677], [75.8606535, 22.7204239], [75.8606415, 22.7204647], [75.8606256, 22.7206382], [75.8606463, 22.7208019], [75.8606721, 22.7209826], [75.8607185, 22.7213599], [75.8607365, 22.7213848], [75.8607781, 22.7214355], [75.8608478, 22.7214701], [75.8609484, 22.721485], [75.8609706, 22.7214864], [75.8610832, 22.7214934], [75.8611268, 22.7214961], [75.8614902, 22.7214244], [75.8617303, 22.7213922], [75.8620747, 22.7213273]]}, "properties": {"highway": "residential", "source_id": "way/191953045", "edited_at": "2025-06-07T02:29:52Z"}}, {"type": "Feature", "geometry": {"type": "LineString", "coordinates": [[75.8650045, 22.7238319], [75.864914, 22.7238279], [75.8648121, 22.7238242], [75.864648, 22.7237904], [75.8646002, 22.7237511], [75.864564, 22.723719], [75.8644461, 22.7236337], [75.8642475, 22.7235172], [75.8641657, 22.7234972], [75.8639317, 22.7234297], [75.8637839, 22.7234328], [75.8636687, 22.723435], [75.8635516, 22.7234375], [75.8634364, 22.7234401], [75.8632, 22.7234965], [75.8627411, 22.7236559], [75.8625706, 22.7237182], [75.8624879, 22.7237388], [75.8624634, 22.723746], [75.8623959, 22.7237659], [75.8622825, 22.7237985], [75.8621683, 22.7238356]]}, "properties": {"highway": "residential", "source_id": "way/191953047", "edited_at": "2023-07-14T07:27:56Z"}}, {"type": "Feature", "geometry": {"type": "LineString", "coordinates": [[75.8570914, 22.7226527], [75.8570964, 22.7228606], [75.8570894, 22.7232268], [75.8570794, 22.7233906], [75.8570746, 22.7237044], [75.857078, 22.7238301], [75.8570772, 22.7238683], [75.8570625, 22.7240413], [75.8570635, 22.7240952], [75.8570522, 22.7242078], [75.8570619, 22.724484], [75.8570762, 22.7247509], [75.8570783, 22.7247891], [75.8570805, 22.7250648], [75.8570823, 22.7252052], [75.8570834, 22.7254223], [75.8570892, 22.7255172], [75.8571153, 22.7257595], [75.8571228, 22.7258862], [75.8571343, 22.7261382], [75.8571422, 22.7262204], [75.8571833, 22.7266089], [75.8572193, 22.7268558], [75.8572275, 22.7269098], [75.8572544, 22.7270508], [75.8572555, 22.7270587], [75.8572798, 22.7272233], [75.8572961, 22.7273331], [75.8573262, 22.7275371], [75.8573709, 22.7279626], [75.8574205, 22.7284213], [75.8574115, 22.7290188], [75.8574239, 22.7298023], [75.8574133, 22.7303318], [75.8573634, 22.7306152], [75.857344, 22.7311989], [75.8573321, 22.7313854], [75.857252, 22.7326388], [75.857119, 22.7345145], [75.8570951, 22.734634]]}, "properties": {"highway": "tertiary", "source_id": "way/191953049", "edited_at": "2024-03-04T07:19:00Z"}}, {"type": "Feature", "geometry": {"type": "LineString", "coordinates": [[75.8623152, 22.724891], [75.8624435, 22.7248858], [75.8628783, 22.7248818], [75.86312, 22.7249092], [75.8635897, 22.7249677], [75.8636308, 22.7249728], [75.8640891, 22.7250353], [75.8642189, 22.7250643], [75.8644394, 22.7250906], [75.864566, 22.7251017], [75.864664, 22.7251095], [75.8648455, 22.7251481], [75.8650815, 22.7252376], [75.8651981, 22.7253002], [75.8653524, 22.7253576], [75.8654031, 22.725368], [75.8654881, 22.7253741], [75.8655606, 22.7253791], [75.8657633, 22.7253864], [75.8660717, 22.7253724], [75.8664407, 22.7253509], [75.8667305, 22.7253321], [75.8677905, 22.7252786]]}, "properties": {"highway": "tertiary", "source_id": "way/191953050", "edited_at": "2026-04-10T05:33:43Z"}}, {"type": "Feature", "geometry": {"type": "LineString", "coordinates": [[75.8621366, 22.7240016], [75.8621877, 22.7241746], [75.8623152, 22.724891], [75.8625364, 22.7260408], [75.862658, 22.7266353], [75.8626801, 22.7266906], [75.8627785, 22.7274392], [75.8628197, 22.7277046], [75.8628367, 22.7277788], [75.8628934, 22.7280476], [75.863229, 22.7291734], [75.8632378, 22.7292377], [75.8632591, 22.7293938], [75.8632629, 22.7296801], [75.8632234, 22.729838], [75.8631791, 22.7299243], [75.8631068, 22.7300652], [75.8629065, 22.7304141]]}, "properties": {"highway": "secondary", "source_id": "way/191953051", "edited_at": "2023-08-31T08:55:01Z"}}, {"type": "Feature", "geometry": {"type": "LineString", "coordinates": [[75.8622191, 22.723885], [75.8622072, 22.7238645], [75.8621899, 22.7238476], [75.8621683, 22.7238356], [75.8621454, 22.7238295], [75.8621213, 22.723829], [75.8620978, 22.7238341], [75.8620765, 22.7238446], [75.8620588, 22.7238598], [75.8620433, 22.7238843], [75.8620372, 22.7239121], [75.8620412, 22.7239403], [75.8620549, 22.7239657], [75.8620767, 22.7239857], [75.8621044, 22.7239982], [75.8621366, 22.7240016], [75.8621658, 22.7239956], [75.8621914, 22.7239815], [75.862211, 22.7239606], [75.8622224, 22.7239351], [75.8622246, 22.7239076], [75.8622191, 22.723885]]}, "properties": {"highway": "secondary", "name": "Chikmaglur Square", "source_id": "way/191953052", "edited_at": "2025-05-24T10:22:07Z"}}, {"type": "Feature", "geometry": {"type": "LineString", "coordinates": [[75.8621145, 22.7318625], [75.8622352, 22.7317625], [75.8624534, 22.7314005], [75.8627844, 22.7308514], [75.8630056, 22.7304506], [75.8632316, 22.7300047], [75.8633344, 22.729805], [75.8633513, 22.7296783], [75.8633269, 22.729281], [75.863312, 22.7292172], [75.8632347, 22.7288854], [75.8630977, 22.7284805], [75.8629619, 22.7280246], [75.8629141, 22.7277554], [75.8629004, 22.7276782], [75.8628755, 22.7275113], [75.8627574, 22.7266517], [75.8627474, 22.7266186], [75.8626551, 22.7260356], [75.8625525, 22.7254565], [75.8624435, 22.7248858], [75.8623878, 22.7246085], [75.862298, 22.724162], [75.8622246, 22.7239076]]}, "properties": {"highway": "secondary", "source_id": "way/191953053", "edited_at": "2026-04-08T09:11:29Z"}}, {"type": "Feature", "geometry": {"type": "LineString", "coordinates": [[75.862493, 22.7175591], [75.8629635, 22.7175639]]}, "properties": {"highway": "residential", "source_id": "way/191953055", "edited_at": "2018-12-12T07:00:44Z"}}, {"type": "Feature", "geometry": {"type": "LineString", "coordinates": [[75.8589805, 22.7235395], [75.8585429, 22.7233016]]}, "properties": {"bridge": "yes", "highway": "secondary", "layer": "1", "source_id": "way/191953056", "edited_at": "2022-02-16T16:18:49Z"}}, {"type": "Feature", "geometry": {"type": "LineString", "coordinates": [[75.8607185, 22.7213599], [75.8604702, 22.7213927], [75.8602461, 22.7214039], [75.8601305, 22.7212519], [75.8600651, 22.7211237], [75.8599773, 22.7209374]]}, "properties": {"highway": "residential", "source_id": "way/191953062", "edited_at": "2021-03-01T05:57:29Z"}}, {"type": "Feature", "geometry": {"type": "LineString", "coordinates": [[75.8590247, 22.7235519], [75.8589805, 22.7235395]]}, "properties": {"highway": "secondary", "source_id": "way/191953065", "edited_at": "2022-02-16T16:18:49Z"}}, {"type": "Feature", "geometry": {"type": "LineString", "coordinates": [[75.862014, 22.7167115], [75.8615793, 22.7167111]]}, "properties": {"highway": "residential", "source_id": "way/191953068", "edited_at": "2018-12-12T07:00:44Z"}}, {"type": "Feature", "geometry": {"type": "LineString", "coordinates": [[75.8606256, 22.7206382], [75.8612351, 22.7206074], [75.8614013, 22.7205952], [75.8615934, 22.7205811]]}, "properties": {"highway": "residential", "source_id": "way/191953073", "edited_at": "2025-06-17T01:24:43Z"}}, {"type": "Feature", "geometry": {"type": "LineString", "coordinates": [[75.8622445, 22.7176585], [75.8622435, 22.7180772]]}, "properties": {"highway": "residential", "source_id": "way/191953074", "edited_at": "2018-12-12T07:00:44Z"}}, {"type": "Feature", "geometry": {"type": "LineString", "coordinates": [[75.8594116, 22.7180864], [75.8595227, 22.7181015]]}, "properties": {"highway": "secondary_link", "source_id": "way/191953076", "edited_at": "2026-04-10T06:08:27Z"}}, {"type": "Feature", "geometry": {"type": "LineString", "coordinates": [[75.8626333, 22.7177136], [75.8626064, 22.7179468], [75.8626047, 22.7179763], [75.8626101, 22.7179936], [75.8626342, 22.7180072], [75.862796, 22.7180581]]}, "properties": {"highway": "residential", "source_id": "way/191953077", "edited_at": "2021-02-26T09:10:27Z"}}, {"type": "Feature", "geometry": {"type": "LineString", "coordinates": [[75.8634654, 22.7167908], [75.863466, 22.7163904]]}, "properties": {"highway": "residential", "source_id": "way/191953078", "edited_at": "2018-12-12T07:00:44Z"}}, {"type": "Feature", "geometry": {"type": "LineString", "coordinates": [[75.8606721, 22.7209826], [75.8616499, 22.7209215]]}, "properties": {"highway": "residential", "source_id": "way/191953079", "edited_at": "2012-11-21T18:04:11Z"}}, {"type": "Feature", "geometry": {"type": "LineString", "coordinates": [[75.8633224, 22.7169193], [75.8632959, 22.7164122]]}, "properties": {"highway": "residential", "source_id": "way/191953081", "edited_at": "2018-12-12T07:00:44Z"}}, {"type": "Feature", "geometry": {"type": "LineString", "coordinates": [[75.8566896, 22.7233605], [75.8567155, 22.7228269], [75.8567105, 22.722628]]}, "properties": {"highway": "residential", "source_id": "way/191953082", "edited_at": "2015-09-07T11:41:41Z"}}, {"type": "Feature", "geometry": {"type": "LineString", "coordinates": [[75.8631361, 22.7168811], [75.863096, 22.7164379]]}, "properties": {"highway": "residential", "source_id": "way/191953084", "edited_at": "2018-12-12T07:00:44Z"}}, {"type": "Feature", "geometry": {"type": "LineString", "coordinates": [[75.8555301, 22.7225987], [75.8555401, 22.7228011], [75.8555147, 22.7233374]]}, "properties": {"highway": "residential", "source_id": "way/191953085", "edited_at": "2015-09-07T11:41:41Z"}}, {"type": "Feature", "geometry": {"type": "LineString", "coordinates": [[75.858398, 22.7197191], [75.8578736, 22.7195382]]}, "properties": {"bridge": "yes", "highway": "secondary", "layer": "1", "source_id": "way/191953087", "edited_at": "2012-11-21T18:04:11Z"}}, {"type": "Feature", "geometry": {"type": "LineString", "coordinates": [[75.8635985, 22.7198571], [75.8636036, 22.7199457], [75.8636872, 22.7218158]]}, "properties": {"highway": "residential", "source_id": "way/191953090", "edited_at": "2021-02-19T05:21:53Z"}}, {"type": "Feature", "geometry": {"type": "LineString", "coordinates": [[75.8614607, 22.7221733], [75.8613548, 22.7218858], [75.8613293, 22.7218091], [75.8612998, 22.7217485], [75.8612636, 22.7217015], [75.8611321, 22.7215604]]}, "properties": {"highway": "residential", "source_id": "way/191953095", "edited_at": "2021-02-26T08:46:35Z"}}, {"type": "Feature", "geometry": {"type": "LineString", "coordinates": [[75.8559282, 22.7230375], [75.8560955, 22.7230429], [75.8562517, 22.7230479]]}, "properties": {"highway": "residential", "source_id": "way/191953096", "edited_at": "2012-11-21T18:04:12Z"}}, {"type": "Feature", "geometry": {"type": "LineString", "coordinates": [[75.8633648, 22.7222863], [75.8629753, 22.7223264], [75.8625822, 22.722407]]}, "properties": {"highway": "residential", "source_id": "way/191953098", "edited_at": "2019-07-12T21:13:56Z"}}, {"type": "Feature", "geometry": {"type": "LineString", "coordinates": [[75.8618817, 22.7182479], [75.8618762, 22.7180991], [75.8618686, 22.7178953], [75.8618725, 22.7176624]]}, "properties": {"highway": "residential", "source_id": "way/191953101", "edited_at": "2021-02-26T09:10:27Z"}}, {"type": "Feature", "geometry": {"type": "LineString", "coordinates": [[75.8623295, 22.7199609], [75.862206, 22.7190187], [75.8621942, 22.7186031]]}, "properties": {"highway": "residential", "source_id": "way/191953102", "edited_at": "2021-02-26T05:31:05Z"}}, {"type": "Feature", "geometry": {"type": "LineString", "coordinates": [[75.8556609, 22.722167], [75.8556509, 22.7222492], [75.8556377, 22.7223273], [75.8556081, 22.7226041]]}, "properties": {"highway": "residential", "source_id": "way/191953103", "edited_at": "2015-09-07T11:41:42Z"}}, {"type": "Feature", "geometry": {"type": "LineString", "coordinates": [[75.8562349, 22.7217705], [75.8559473, 22.721831], [75.8558881, 22.7218261], [75.8558547, 22.7218175], [75.855847, 22.7217928], [75.8558394, 22.7217422], [75.8558445, 22.7215821], [75.8558438, 22.7215217], [75.8558422, 22.7214805], [75.8558403, 22.7213956], [75.8558428, 22.7212321]]}, "properties": {"highway": "residential", "source_id": "way/191953109", "edited_at": "2021-02-26T08:26:54Z"}}, {"type": "Feature", "geometry": {"type": "LineString", "coordinates": [[75.8624453, 22.7205345], [75.8624354, 22.7205942], [75.8625061, 22.7212392], [75.862509, 22.7214516], [75.8625227, 22.7214877], [75.8625776, 22.7215513]]}, "properties": {"highway": "residential", "source_id": "way/191953110", "edited_at": "2025-05-14T07:07:26Z"}}, {"type": "Feature", "geometry": {"type": "LineString", "coordinates": [[75.8639058, 22.7263834], [75.8638359, 22.7260309], [75.8636308, 22.7249728]]}, "properties": {"highway": "residential", "source_id": "way/191953111", "edited_at": "2012-11-21T18:04:13Z"}}, {"type": "Feature", "geometry": {"type": "LineString", "coordinates": [[75.8637839, 22.7234328], [75.8638328, 22.7238981], [75.8638367, 22.724168], [75.8638456, 22.7247885]]}, "properties": {"highway": "residential", "source_id": "way/191953112", "edited_at": "2022-06-15T05:51:03Z"}}, {"type": "Feature", "geometry": {"type": "LineString", "coordinates": [[75.8612377, 22.7187485], [75.8614755, 22.7187326], [75.8615044, 22.7187368], [75.8615334, 22.7187532], [75.8615612, 22.7187945], [75.8615828, 22.7188489], [75.8616094, 22.7189108], [75.861779, 22.7200252]]}, "properties": {"highway": "residential", "source_id": "way/191953113", "edited_at": "2025-06-14T11:44:06Z"}}, {"type": "Feature", "geometry": {"type": "LineString", "coordinates": [[75.8586033, 22.7198469], [75.8585337, 22.7197693], [75.858398, 22.7197191]]}, "properties": {"highway": "secondary", "source_id": "way/191953114", "edited_at": "2026-04-10T06:10:38Z"}}, {"type": "Feature", "geometry": {"type": "LineString", "coordinates": [[75.8595571, 22.7237488], [75.8598099, 22.7236049], [75.8599175, 22.7235767], [75.8609944, 22.7230244]]}, "properties": {"highway": "residential", "source_id": "way/191953116", "edited_at": "2015-09-07T11:41:42Z"}}, {"type": "Feature", "geometry": {"type": "LineString", "coordinates": [[75.858012, 22.7244979], [75.8579003, 22.7244979], [75.8578925, 22.724498], [75.8575803, 22.7245021], [75.8573324, 22.7245051], [75.8570619, 22.724484]]}, "properties": {"highway": "residential", "source_id": "way/191953120", "edited_at": "2015-09-07T11:41:43Z"}}, {"type": "Feature", "geometry": {"type": "LineString", "coordinates": [[75.8624453, 22.7205345], [75.8624628, 22.7205269], [75.8624884, 22.720521], [75.862668, 22.7204964], [75.8628886, 22.7204563]]}, "properties": {"highway": "residential", "source_id": "way/191953123", "edited_at": "2025-05-14T07:07:26Z"}}, {"type": "Feature", "geometry": {"type": "LineString", "coordinates": [[75.8629058, 22.7177239], [75.8626333, 22.7177136], [75.8624974, 22.7177009], [75.8624625, 22.7177083], [75.8624478, 22.7177207], [75.862437, 22.7177491], [75.862421, 22.7180709]]}, "properties": {"highway": "residential", "source_id": "way/191953124", "edited_at": "2021-02-26T13:30:37Z"}}, {"type": "Feature", "geometry": {"type": "LineString", "coordinates": [[75.8615754, 22.7167626], [75.8614983, 22.7174497], [75.8614996, 22.7174869], [75.8615063, 22.7175302], [75.8615144, 22.7175598], [75.8615318, 22.7175858], [75.8616346, 22.7176891]]}, "properties": {"highway": "residential", "source_id": "way/191953127", "edited_at": "2021-02-26T09:10:27Z"}}, {"type": "Feature", "geometry": {"type": "LineString", "coordinates": [[75.8649976, 22.7222532], [75.8652381, 22.7222255], [75.8662135, 22.7221133], [75.8665631, 22.7220574], [75.867548, 22.7220349], [75.8676312, 22.722033]]}, "properties": {"highway": "service", "source_id": "way/191953128", "edited_at": "2023-08-30T04:27:02Z"}}, {"type": "Feature", "geometry": {"type": "LineString", "coordinates": [[75.8615963, 22.7165467], [75.8614436, 22.7165392], [75.8612893, 22.7164837], [75.8611727, 22.7164819]]}, "properties": {"highway": "residential", "source_id": "way/191953129", "edited_at": "2021-02-26T05:31:05Z"}}, {"type": "Feature", "geometry": {"type": "LineString", "coordinates": [[75.8647149, 22.724065], [75.8647396, 22.7242417], [75.8647151, 22.7245315], [75.864664, 22.7251095]]}, "properties": {"highway": "residential", "source_id": "way/191953130", "edited_at": "2019-07-12T21:13:56Z"}}, {"type": "Feature", "geometry": {"type": "LineString", "coordinates": [[75.8634132, 22.7247617], [75.8634405, 22.7245712], [75.863419, 22.7239728], [75.8633575, 22.7238357], [75.8632, 22.7234965]]}, "properties": {"highway": "residential", "source_id": "way/191953131", "edited_at": "2019-07-12T21:13:56Z"}}, {"type": "Feature", "geometry": {"type": "LineString", "coordinates": [[75.8599175, 22.7235767], [75.8601125, 22.7236429], [75.8602899, 22.7236907], [75.8604305, 22.7235965], [75.8605111, 22.7235636], [75.8606067, 22.7235482], [75.86086, 22.72357], [75.8611717, 22.7235778], [75.861294, 22.723557], [75.8614749, 22.7235096], [75.8615964, 22.7237249], [75.8617304, 22.7239793]]}, "properties": {"highway": "residential", "source_id": "way/191953134", "edited_at": "2021-03-01T05:57:29Z"}}, {"type": "Feature", "geometry": {"type": "LineString", "coordinates": [[75.8625706, 22.7237182], [75.8626881, 22.7238731], [75.8627596, 22.7241196], [75.8628004, 22.7244745], [75.862808, 22.7245581], [75.8628197, 22.7246672]]}, "properties": {"highway": "residential", "source_id": "way/191953135", "edited_at": "2021-03-01T05:57:29Z"}}, {"type": "Feature", "geometry": {"type": "LineString", "coordinates": [[75.8642189, 22.7250643], [75.8642203, 22.7248253], [75.8642229, 22.7241482], [75.8642241, 22.7238304], [75.8642475, 22.7235172]]}, "properties": {"highway": "residential", "source_id": "way/191953136", "edited_at": "2022-06-15T05:51:03Z"}}, {"type": "Feature", "geometry": {"type": "LineString", "coordinates": [[75.8560803, 22.723533], [75.8560837, 22.7233306], [75.8560955, 22.7230429], [75.8561162, 22.7228137], [75.8561056, 22.7226101]]}, "properties": {"highway": "residential", "source_id": "way/191953137", "edited_at": "2019-07-15T17:23:39Z"}}, {"type": "Feature", "geometry": {"type": "LineString", "coordinates": [[75.8629677, 22.7172024], [75.8628993, 22.7169824], [75.8628602, 22.7164681], [75.8628413, 22.7162546], [75.8628359, 22.7161929]]}, "properties": {"highway": "residential", "source_id": "way/191953139", "edited_at": "2024-03-21T09:16:57Z"}}, {"type": "Feature", "geometry": {"type": "LineString", "coordinates": [[75.8560358, 22.7197012], [75.8561906, 22.7197248], [75.8562542, 22.7197361], [75.8569799, 22.7197295]]}, "properties": {"highway": "residential", "source_id": "way/191953141", "edited_at": "2019-07-12T22:46:09Z"}}, {"type": "Feature", "geometry": {"type": "LineString", "coordinates": [[75.8633824, 22.7225465], [75.8639331, 22.7224847], [75.864227, 22.7224563], [75.8644754, 22.7224001]]}, "properties": {"highway": "residential", "source_id": "way/191953142", "edited_at": "2019-07-12T21:13:56Z"}}, {"type": "Feature", "geometry": {"type": "LineString", "coordinates": [[75.8561742, 22.7226146], [75.8561875, 22.7224434], [75.8561936, 22.7223752], [75.8561928, 22.722307], [75.8562013, 22.7222396], [75.8562091, 22.722091]]}, "properties": {"highway": "residential", "source_id": "way/191953143", "edited_at": "2021-02-26T11:23:50Z"}}, {"type": "Feature", "geometry": {"type": "LineString", "coordinates": [[75.8606386, 22.7240836], [75.8607446, 22.7238011], [75.86086, 22.72357], [75.8611077, 22.7230614], [75.8609944, 22.7230244]]}, "properties": {"highway": "residential", "source_id": "way/191953144", "edited_at": "2021-02-26T12:43:20Z"}}, {"type": "Feature", "geometry": {"type": "LineString", "coordinates": [[75.8546279, 22.7215029], [75.8549889, 22.7215488], [75.855029, 22.7215924], [75.8550503, 22.7217672], [75.8551241, 22.721994]]}, "properties": {"highway": "path", "source_id": "way/191953149", "edited_at": "2021-02-26T08:26:54Z"}}, {"type": "Feature", "geometry": {"type": "LineString", "coordinates": [[75.8539825, 22.7228491], [75.8536287, 22.7227319], [75.8534329, 22.7226639], [75.853276, 22.7226169], [75.8530091, 22.7225303], [75.8526336, 22.7224239], [75.8525549, 22.7224094], [75.8523919, 22.7223752], [75.8520609, 22.7223608], [75.8515982, 22.7223336], [75.8513139, 22.7223447], [75.851106, 22.7223558], [75.8509599, 22.7223608], [75.850807, 22.7223769], [75.8505495, 22.7224078], [75.8501498, 22.7224181]]}, "properties": {"highway": "secondary", "source_id": "way/191953150", "edited_at": "2026-09-09T12:05:37Z"}}, {"type": "Feature", "geometry": {"type": "LineString", "coordinates": [[75.8628197, 22.7246672], [75.862878, 22.7247005], [75.8634132, 22.7247617], [75.863616, 22.7247742], [75.8638456, 22.7247885], [75.8640671, 22.7247897], [75.8642203, 22.7248253]]}, "properties": {"highway": "residential", "source_id": "way/191953151", "edited_at": "2025-06-18T16:12:56Z"}}, {"type": "Feature", "geometry": {"type": "LineString", "coordinates": [[75.8620101, 22.7227892], [75.8620721, 22.7228044], [75.8622492, 22.7227665], [75.8624197, 22.7227194], [75.8624807, 22.7228327], [75.8625142, 22.722915], [75.8625512, 22.7230317], [75.8626026, 22.7232144]]}, "properties": {"highway": "residential", "source_id": "way/191953152", "edited_at": "2021-02-26T12:34:33Z"}}, {"type": "Feature", "geometry": {"type": "LineString", "coordinates": [[75.8604956, 22.7184927], [75.8605018, 22.7186942], [75.8604938, 22.718761], [75.8604763, 22.7188427], [75.8604012, 22.7191297], [75.8603771, 22.7192187], [75.8603503, 22.7193177], [75.8603248, 22.7193845], [75.8602966, 22.7194736], [75.8602838, 22.7195501], [75.8602875, 22.7197064], [75.8602986, 22.7199153]]}, "properties": {"highway": "residential", "source_id": "way/191953153", "edited_at": "2021-02-26T08:46:35Z"}}, {"type": "Feature", "geometry": {"type": "LineString", "coordinates": [[75.8578736, 22.7195382], [75.8577413, 22.7194911], [75.8576948, 22.7194461], [75.8576857, 22.7194021], [75.8576468, 22.7193542]]}, "properties": {"highway": "secondary", "source_id": "way/191953154", "edited_at": "2026-04-07T11:04:06Z"}}, {"type": "Feature", "geometry": {"type": "LineString", "coordinates": [[75.8548174, 22.7219256], [75.854811, 22.7221781], [75.854759, 22.7224586], [75.8547494, 22.7225364], [75.8547397, 22.7226156], [75.8546868, 22.7227999]]}, "properties": {"highway": "residential", "source_id": "way/191953155", "edited_at": "2021-02-26T08:26:54Z"}}, {"type": "Feature", "geometry": {"type": "LineString", "coordinates": [[75.8621087, 22.7235396], [75.8619161, 22.7235676], [75.861841, 22.7235655], [75.8618078, 22.723552], [75.8613338, 22.7228219], [75.8610192, 22.7223963]]}, "properties": {"highway": "residential", "source_id": "way/191953156", "edited_at": "2025-06-17T01:29:07Z"}}, {"type": "Feature", "geometry": {"type": "LineString", "coordinates": [[75.8623314, 22.7165052], [75.8623253, 22.7167214], [75.8623534, 22.71709], [75.8623475, 22.7171173], [75.8622612, 22.7171368]]}, "properties": {"highway": "residential", "source_id": "way/191953157", "edited_at": "2018-12-12T07:00:45Z"}}, {"type": "Feature", "geometry": {"type": "LineString", "coordinates": [[75.860002, 22.7199116], [75.8599912, 22.7202535], [75.8599885, 22.7203728], [75.859983, 22.7206186], [75.8599811, 22.7207017], [75.8599773, 22.7209374], [75.8599759, 22.7210275], [75.8599601, 22.7214058], [75.8599614, 22.7215555], [75.8599573, 22.721699], [75.8598447, 22.721694], [75.8589484, 22.7216817], [75.8588415, 22.7216891]]}, "properties": {"highway": "residential", "source_id": "way/191953158", "edited_at": "2021-03-01T05:57:29Z"}}, {"type": "Feature", "geometry": {"type": "LineString", "coordinates": [[75.8618611, 22.7220706], [75.8615475, 22.7221513], [75.8614607, 22.7221733], [75.8613175, 22.7222078], [75.8610569, 22.7222828]]}, "properties": {"highway": "residential", "source_id": "way/191953159", "edited_at": "2012-11-21T18:04:16Z"}}, {"type": "Feature", "geometry": {"type": "LineString", "coordinates": [[75.8617431, 22.7175986], [75.8618725, 22.7176624], [75.8622445, 22.7176585], [75.862277, 22.7176524], [75.8623033, 22.7176359], [75.8623189, 22.7176009], [75.8623301, 22.7175369], [75.8623195, 22.717343]]}, "properties": {"highway": "residential", "source_id": "way/191953161", "edited_at": "2025-06-14T12:37:28Z"}}, {"type": "Feature", "geometry": {"type": "LineString", "coordinates": [[75.8609291, 22.7242162], [75.8609233, 22.7248706], [75.8610847, 22.7260812], [75.8611616, 22.7270255], [75.8611885, 22.7270849], [75.8612367, 22.7271245], [75.8613253, 22.7271344], [75.8617303, 22.7270725], [75.8621603, 22.7269869], [75.8622989, 22.7269488], [75.8624008, 22.7268969], [75.8626801, 22.7266906], [75.8627574, 22.7266517]]}, "properties": {"highway": "residential", "source_id": "way/191953165", "edited_at": "2024-03-19T04:31:43Z"}}, {"type": "Feature", "geometry": {"type": "LineString", "coordinates": [[75.8620755, 22.7232554], [75.8626026, 22.7232144], [75.8630872, 22.723174], [75.8634073, 22.7231443], [75.8636272, 22.7231246], [75.8639183, 22.7230874], [75.8643306, 22.7230089], [75.8644829, 22.722962], [75.8647006, 22.7229385]]}, "properties": {"highway": "residential", "source_id": "way/191953166", "edited_at": "2019-07-12T21:13:56Z"}}, {"type": "Feature", "geometry": {"type": "LineString", "coordinates": [[75.8580192, 22.7174371], [75.8583805, 22.7175305]]}, "properties": {"highway": "service", "source_id": "way/191953167", "edited_at": "2026-04-10T06:08:27Z"}}, {"type": "Feature", "geometry": {"type": "LineString", "coordinates": [[75.8599601, 22.7214058], [75.8602461, 22.7214039], [75.8604046, 22.7214992], [75.8604885, 22.7215622], [75.8605648, 22.7216236], [75.8606359, 22.7216792], [75.8607554, 22.7217437], [75.8610247, 22.7219735]]}, "properties": {"highway": "residential", "source_id": "way/191953170", "edited_at": "2021-02-26T08:46:35Z"}}, {"type": "Feature", "geometry": {"type": "LineString", "coordinates": [[75.8633497, 22.7173879], [75.8631633, 22.7173711], [75.8630697, 22.7173925], [75.8630105, 22.7174372], [75.8629635, 22.7175639], [75.8629058, 22.7177239], [75.862796, 22.7180581], [75.8627149, 22.7183038]]}, "properties": {"highway": "residential", "source_id": "way/191953172", "edited_at": "2021-02-26T09:10:27Z"}}, {"type": "Feature", "geometry": {"type": "LineString", "coordinates": [[75.8613072, 22.7182444], [75.8617707, 22.7182459], [75.8618817, 22.7182479], [75.8622542, 22.7182546], [75.8625026, 22.7182528], [75.8627149, 22.7183038], [75.8629435, 22.7183497]]}, "properties": {"highway": "residential", "source_id": "way/191953173", "edited_at": "2018-12-12T07:00:45Z"}}, {"type": "Feature", "geometry": {"type": "LineString", "coordinates": [[75.8620205, 22.7165271], [75.862014, 22.7167115], [75.8620464, 22.7169898], [75.8620569, 22.7170297], [75.8620814, 22.7170496], [75.8622612, 22.7171368], [75.8623195, 22.717343]]}, "properties": {"highway": "residential", "source_id": "way/191953174", "edited_at": "2018-12-12T07:00:45Z"}}, {"type": "Feature", "geometry": {"type": "LineString", "coordinates": [[75.8552653, 22.7221754], [75.8556609, 22.722167], [75.8556801, 22.7221362], [75.855846, 22.7221232], [75.8559356, 22.7220986], [75.8560103, 22.7220577], [75.8561927, 22.72196], [75.8562831, 22.7218906], [75.8563579, 22.7218449], [75.8567096, 22.7215799]]}, "properties": {"highway": "residential", "source_id": "way/191953178", "edited_at": "2015-09-07T10:57:03Z"}}, {"type": "Feature", "geometry": {"type": "LineString", "coordinates": [[75.8608347, 22.7183644], [75.860839, 22.7186254], [75.8608565, 22.7190045], [75.8608586, 22.7190344], [75.8608706, 22.7190616], [75.8608988, 22.7190728], [75.8609578, 22.7190703], [75.8609873, 22.7190752], [75.8610034, 22.7190926], [75.8610155, 22.7191111], [75.8610611, 22.7193363], [75.8611237, 22.7196262], [75.8611288, 22.719742], [75.861108, 22.7199968]]}, "properties": {"highway": "residential", "source_id": "way/191953179", "edited_at": "2021-02-26T08:46:35Z"}}, {"type": "Feature", "geometry": {"type": "LineString", "coordinates": [[75.8637756, 22.7163507], [75.863466, 22.7163904], [75.8632959, 22.7164122], [75.8631975, 22.7164248], [75.8631096, 22.7164363], [75.863096, 22.7164379], [75.8628952, 22.7164636], [75.8628602, 22.7164681], [75.862624, 22.7164847], [75.8623314, 22.7165052], [75.8620205, 22.7165271]]}, "properties": {"highway": "residential", "source_id": "way/191953180", "edited_at": "2025-06-02T10:25:18Z"}}, {"type": "Feature", "geometry": {"type": "LineString", "coordinates": [[75.8562941, 22.7214019], [75.8563007, 22.7211966], [75.8562948, 22.7211275], [75.8562834, 22.7210285], [75.856276, 22.7208653], [75.8562852, 22.7206134], [75.8562988, 22.720443], [75.8563154, 22.7202743], [75.8563141, 22.7200142], [75.8563136, 22.7199919], [75.8563068, 22.7199585], [75.8562867, 22.7199375], [75.8562572, 22.7199276], [75.8559144, 22.7198842]]}, "properties": {"highway": "residential", "source_id": "way/191953182", "edited_at": "2021-02-26T08:46:35Z"}}, {"type": "Feature", "geometry": {"type": "LineString", "coordinates": [[75.8633535, 22.7216731], [75.863342, 22.7218175], [75.8633508, 22.721991], [75.8633648, 22.7222863], [75.8633674, 22.7223354], [75.8633824, 22.7225465], [75.8634073, 22.7231443], [75.8634364, 22.7234401]]}, "properties": {"highway": "residential", "source_id": "way/191953183", "edited_at": "2019-07-12T21:13:56Z"}}, {"type": "Feature", "geometry": {"type": "LineString", "coordinates": [[75.8547272, 22.7210943], [75.8552146, 22.7211612], [75.855335, 22.7211802], [75.8555244, 22.7211997], [75.8555694, 22.7212049], [75.8558428, 22.7212321], [75.8559054, 22.7212537], [75.8562941, 22.7214019], [75.8564069, 22.7214578], [75.8567096, 22.7215799]]}, "properties": {"highway": "residential", "source_id": "way/191953184", "edited_at": "2022-02-14T16:12:03Z"}}, {"type": "Feature", "geometry": {"type": "LineString", "coordinates": [[75.8584718, 22.7232531], [75.8582739, 22.7237311], [75.8580815, 22.7241699], [75.8580176, 22.7244215], [75.858012, 22.7244979]]}, "properties": {"highway": "residential", "source_id": "way/191953185", "edited_at": "2015-09-11T05:59:25Z"}}, {"type": "Feature", "geometry": {"type": "LineString", "coordinates": [[75.8568435, 22.7166874], [75.856789, 22.7172057], [75.8567766, 22.7173237], [75.8568807, 22.7177305], [75.8570123, 22.7180481], [75.8570338, 22.7180633], [75.8572776, 22.7182372], [75.8575429, 22.718298], [75.8577909, 22.7183381]]}, "properties": {"highway": "residential", "source_id": "way/191953187", "edited_at": "2021-02-26T12:43:20Z"}}, {"type": "Feature", "geometry": {"type": "LineString", "coordinates": [[75.8579311, 22.7177178], [75.8577686, 22.717668], [75.8576501, 22.71776], [75.8574112, 22.7179231], [75.8570338, 22.7180633], [75.8567471, 22.718199], [75.8565608, 22.7183483], [75.8564481, 22.7184778], [75.856292, 22.7187132], [75.8561067, 22.7189914]]}, "properties": {"highway": "residential", "source_id": "way/191953188", "edited_at": "2021-02-26T12:43:20Z"}}, {"type": "Feature", "geometry": {"type": "LineString", "coordinates": [[75.8611268, 22.7214961], [75.8611321, 22.7215604], [75.8610247, 22.7219735], [75.8610569, 22.7222828], [75.8610431, 22.7223261], [75.8610192, 22.7223963], [75.8610113, 22.7224676], [75.8609705, 22.7228571], [75.8609944, 22.7230244]]}, "properties": {"highway": "residential", "source_id": "way/191953189", "edited_at": "2025-06-17T01:29:07Z"}}, {"type": "Feature", "geometry": {"type": "LineString", "coordinates": [[75.8577065, 22.719578], [75.8575918, 22.7198952], [75.8575429, 22.7203012], [75.8575363, 22.7204507], [75.8575378, 22.7207833], [75.8575469, 22.7209704], [75.8575587, 22.7212139], [75.8575869, 22.7214011], [75.8576271, 22.7216096], [75.8576152, 22.7217672], [75.8575851, 22.7221085], [75.8575657, 22.7223225]]}, "properties": {"highway": "residential", "source_id": "way/191953190", "edited_at": "2026-04-10T06:10:38Z"}}, {"type": "Feature", "geometry": {"type": "LineString", "coordinates": [[75.8567096, 22.7215799], [75.8568186, 22.7217275], [75.8568782, 22.721861], [75.8569364, 22.7219917], [75.8570003, 22.7221455], [75.8570498, 22.7222959], [75.8570594, 22.7223451], [75.857073, 22.722403], [75.8570914, 22.7226527]]}, "properties": {"highway": "residential", "source_id": "way/191953191", "edited_at": "2021-02-26T11:23:50Z"}}, {"type": "Feature", "geometry": {"type": "LineString", "coordinates": [[75.8571006, 22.719353], [75.8570297, 22.7195051], [75.8569889, 22.7195927], [75.8569799, 22.7197295], [75.856941, 22.7200025], [75.8569371, 22.7204279], [75.85694, 22.7204522], [75.8569171, 22.7210134], [75.8568318, 22.7213607], [75.856808, 22.7214061], [75.8567592, 22.7215136], [75.8567096, 22.7215799]]}, "properties": {"highway": "residential", "source_id": "way/191953192", "edited_at": "2021-02-26T08:46:35Z"}}, {"type": "Feature", "geometry": {"type": "LineString", "coordinates": [[75.8576024, 22.7228087], [75.8576033, 22.7232528], [75.8575797, 22.7237001], [75.8575867, 22.723908], [75.8575762, 22.724099], [75.8575823, 22.72422], [75.8575803, 22.7245021], [75.8575923, 22.7248035], [75.8576005, 22.7250415], [75.8575997, 22.7251964], [75.8575946, 22.7254026], [75.8575921, 22.7255501], [75.8576148, 22.7258345], [75.8576195, 22.7261254], [75.857648, 22.7263349], [75.8576779, 22.7266615], [75.8576992, 22.7268047], [75.8577624, 22.7272844], [75.8578434, 22.7279973]]}, "properties": {"highway": "residential", "source_id": "way/191953194", "edited_at": "2021-02-26T08:26:54Z"}}, {"type": "Feature", "geometry": {"type": "LineString", "coordinates": [[75.8563147, 22.7190801], [75.8562256, 22.719351], [75.8561581, 22.7194914], [75.8561134, 22.7195842], [75.8560358, 22.7197012], [75.8559144, 22.7198842], [75.855848, 22.7199595], [75.8557852, 22.720029], [75.855636, 22.7201499], [75.8554674, 22.720447], [75.8553798, 22.7207927], [75.855415, 22.7208331], [75.8554472, 22.7208739], [75.8554794, 22.7208986], [75.8555156, 22.7209444], [75.8555558, 22.7210235], [75.8555694, 22.7212049]]}, "properties": {"highway": "residential", "source_id": "way/191953195", "edited_at": "2021-03-02T06:27:07Z"}}, {"type": "Feature", "geometry": {"type": "LineString", "coordinates": [[75.8528753, 22.7218877], [75.8529308, 22.7219072], [75.8533224, 22.7219118], [75.8533628, 22.7218322], [75.854146, 22.7217845], [75.8544584, 22.7218366]]}, "properties": {"highway": "residential", "source_id": "way/191953196", "edited_at": "2022-12-29T08:45:12Z"}}, {"type": "Feature", "geometry": {"type": "LineString", "coordinates": [[75.8590247, 22.7235519], [75.8590737, 22.7236039], [75.8591418, 22.7236876], [75.8592723, 22.7237529], [75.8594097, 22.7238113], [75.8600856, 22.7240145], [75.8603362, 22.7241032], [75.8603886, 22.7241169], [75.8607732, 22.7241888], [75.8609291, 22.7242162], [75.861052, 22.7242019], [75.8613029, 22.7241765], [75.861585, 22.7241257], [75.8621044, 22.7239982]]}, "properties": {"highway": "secondary", "source_id": "way/191953197", "edited_at": "2025-05-24T10:22:07Z"}}, {"type": "Feature", "geometry": {"type": "LineString", "coordinates": [[75.8554764, 22.7163762], [75.8553291, 22.7159849], [75.8550603, 22.715213], [75.8549782, 22.7149192], [75.8549693, 22.7148872], [75.8548821, 22.7148092]]}, "properties": {"highway": "secondary", "name": "Yashwant road", "source_id": "way/191983678", "edited_at": "2025-04-23T15:59:46Z"}}, {"type": "Feature", "geometry": {"type": "LineString", "coordinates": [[75.8647321, 22.7131114], [75.8647855, 22.7133663], [75.8648359, 22.7134451], [75.8649478, 22.7135455], [75.8650382, 22.7137369], [75.8650505, 22.7138113], [75.8650622, 22.7138817], [75.8651273, 22.714493], [75.8651633, 22.7148242], [75.865172, 22.7149739], [75.8651553, 22.7151211]]}, "properties": {"highway": "residential", "source_id": "way/192141510", "edited_at": "2021-02-19T07:21:15Z"}}, {"type": "Feature", "geometry": {"type": "LineString", "coordinates": [[75.8649478, 22.7135455], [75.8655471, 22.7134676], [75.8659725, 22.7134524], [75.8662153, 22.7134742]]}, "properties": {"highway": "residential", "source_id": "way/192141512", "edited_at": "2025-06-19T14:25:38Z"}}, {"type": "Feature", "geometry": {"type": "LineString", "coordinates": [[75.8547646, 22.7143918], [75.8548436, 22.7145733]]}, "properties": {"highway": "secondary", "source_id": "way/192141513", "edited_at": "2022-02-20T03:12:52Z"}}, {"type": "Feature", "geometry": {"type": "LineString", "coordinates": [[75.8546563, 22.7141337], [75.8547646, 22.7143918]]}, "properties": {"bridge": "yes", "highway": "secondary", "layer": "1", "name": "Machhi Bazar bridge", "source_id": "way/192141514", "edited_at": "2022-02-20T03:12:52Z"}}, {"type": "Feature", "geometry": {"type": "LineString", "coordinates": [[75.8546178, 22.7140695], [75.8546563, 22.7141337]]}, "properties": {"highway": "secondary", "source_id": "way/192141516", "edited_at": "2025-04-20T06:22:35Z"}}, {"type": "Feature", "geometry": {"type": "LineString", "coordinates": [[75.8646438, 22.7166129], [75.8647688, 22.7168955], [75.8648041, 22.7169999], [75.8648092, 22.7171167], [75.8648148, 22.7171505], [75.8648349, 22.717417]]}, "properties": {"highway": "service", "name": "Siyaganj Street no 2", "source_id": "way/192141521", "edited_at": "2025-05-28T07:23:08Z"}}, {"type": "Feature", "geometry": {"type": "LineString", "coordinates": [[75.8651273, 22.714493], [75.8648635, 22.7145272], [75.8648474, 22.7145372], [75.8648438, 22.7145516], [75.8648947, 22.7149931], [75.865172, 22.7149739], [75.8654875, 22.7149188]]}, "properties": {"highway": "residential", "source_id": "way/192141523", "edited_at": "2025-06-19T03:05:23Z"}}, {"type": "Feature", "geometry": {"type": "LineString", "coordinates": [[75.8561074, 22.7130361], [75.85606, 22.713135], [75.8560323, 22.7132373], [75.8559811, 22.7135049], [75.8558363, 22.7136375], [75.855681, 22.7137317], [75.8553897, 22.713869], [75.8552243, 22.7139432], [75.8550808, 22.7139915], [75.8546178, 22.7140695]]}, "properties": {"highway": "secondary", "source_id": "way/192141526", "edited_at": "2024-10-04T18:50:13Z"}}, {"type": "Feature", "geometry": {"type": "LineString", "coordinates": [[75.8541721, 22.7130914], [75.854206, 22.7137766], [75.8542135, 22.7139947], [75.85416, 22.7140472], [75.8540253, 22.7140844], [75.8539634, 22.7140854], [75.8538084, 22.7140848], [75.8536584, 22.7140624], [75.8534248, 22.7140008], [75.8532837, 22.7139377], [75.8530689, 22.7138162], [75.8529771, 22.7137308], [75.852936, 22.7136438], [75.8529278, 22.713544], [75.8529585, 22.7132668]]}, "properties": {"highway": "residential", "source_id": "way/192149981", "edited_at": "2025-04-20T06:22:35Z"}}, {"type": "Feature", "geometry": {"type": "LineString", "coordinates": [[75.8529585, 22.7132668], [75.8533875, 22.7132594], [75.8537698, 22.7131977], [75.8538953, 22.7131655], [75.8539694, 22.7131481], [75.8541721, 22.7130914], [75.8543153, 22.7130385], [75.8543972, 22.7130245], [75.8544859, 22.713011], [75.8547125, 22.7130007], [75.8548511, 22.7129954], [75.8551154, 22.7129829], [75.8556185, 22.7129478], [75.8558518, 22.7129487], [75.8559824, 22.7129116], [75.8561638, 22.7128546]]}, "properties": {"highway": "residential", "source_id": "way/192149982", "edited_at": "2024-10-04T18:50:13Z"}}, {"type": "Feature", "geometry": {"type": "LineString", "coordinates": [[75.855406, 22.7111758], [75.8551027, 22.711231], [75.8548143, 22.7112718], [75.8544942, 22.7113315], [75.8539235, 22.7114415], [75.8538194, 22.7114289], [75.853767, 22.7114186], [75.8537229, 22.7113926], [75.8537034, 22.711358], [75.8537074, 22.7112988], [75.8537384, 22.7112484]]}, "properties": {"highway": "residential", "source_id": "way/192149989", "edited_at": "2025-04-20T06:36:48Z"}}, {"type": "Feature", "geometry": {"type": "LineString", "coordinates": [[75.8547125, 22.7130007], [75.8546647, 22.712252]]}, "properties": {"highway": "residential", "source_id": "way/192150003", "edited_at": "2012-11-22T22:20:31Z"}}, {"type": "Feature", "geometry": {"type": "LineString", "coordinates": [[75.854491, 22.7137638], [75.8546178, 22.7140695]]}, "properties": {"highway": "residential", "source_id": "way/192150007", "edited_at": "2012-11-22T22:20:31Z"}}, {"type": "Feature", "geometry": {"type": "LineString", "coordinates": [[75.8545711, 22.7097039], [75.8545655, 22.709995], [75.8545467, 22.7105063]]}, "properties": {"highway": "residential", "source_id": "way/192150015", "edited_at": "2019-06-27T07:34:07Z"}}, {"type": "Feature", "geometry": {"type": "LineString", "coordinates": [[75.8544104, 22.7133791], [75.8548908, 22.7132871], [75.8552993, 22.7132174], [75.8553347, 22.7133841], [75.8553544, 22.7134844]]}, "properties": {"highway": "residential", "source_id": "way/192150021", "edited_at": "2021-02-26T10:16:27Z"}}, {"type": "Feature", "geometry": {"type": "LineString", "coordinates": [[75.8543153, 22.7130385], [75.8542935, 22.7123187]]}, "properties": {"highway": "residential", "source_id": "way/192150024", "edited_at": "2012-11-22T22:20:32Z"}}, {"type": "Feature", "geometry": {"type": "LineString", "coordinates": [[75.8490957, 22.7133433], [75.8491101, 22.7132953], [75.8491252, 22.7132508], [75.849174, 22.7131073], [75.8492423, 22.7129761], [75.8492044, 22.7127416], [75.8492048, 22.7126871], [75.8492539, 22.7125551], [75.8494872, 22.7121223], [75.8495119, 22.7120765], [75.8498312, 22.711512], [75.8498575, 22.7114509], [75.8499236, 22.7112678], [75.8499557, 22.711203], [75.8500678, 22.7110022], [75.850196, 22.7107069], [75.8503789, 22.7102517], [75.8504529, 22.7100903], [75.8505039, 22.7099925], [75.850579, 22.7098874], [75.8505989, 22.7098633], [75.8506824, 22.7097623], [75.8507921, 22.7096292], [75.8509813, 22.7094284], [75.8510871, 22.7092579]]}, "properties": {"highway": "tertiary", "layer": "2", "source_id": "way/192150025", "edited_at": "2025-01-15T13:57:39Z"}}, {"type": "Feature", "geometry": {"type": "LineString", "coordinates": [[75.8551154, 22.7129829], [75.8550646, 22.7121715], [75.8550074, 22.7116986]]}, "properties": {"highway": "residential", "source_id": "way/192150033", "edited_at": "2012-11-22T22:20:33Z"}}, {"type": "Feature", "geometry": {"type": "LineString", "coordinates": [[75.8543918, 22.7137688], [75.854412, 22.7135717], [75.8544104, 22.7133791], [75.8543972, 22.7130245]]}, "properties": {"highway": "residential", "source_id": "way/192150060", "edited_at": "2021-02-26T10:16:27Z"}}, {"type": "Feature", "geometry": {"type": "LineString", "coordinates": [[75.8537362, 22.7123898], [75.8537698, 22.7131977], [75.8538103, 22.7137862], [75.8538084, 22.7140848]]}, "properties": {"highway": "residential", "source_id": "way/192150078", "edited_at": "2012-11-22T22:20:36Z"}}, {"type": "Feature", "geometry": {"type": "LineString", "coordinates": [[75.8532837, 22.7139377], [75.8533022, 22.7137978], [75.8533875, 22.7132594], [75.8533236, 22.7123096], [75.8533204, 22.7122312]]}, "properties": {"highway": "residential", "source_id": "way/192150080", "edited_at": "2015-09-08T13:21:17Z"}}, {"type": "Feature", "geometry": {"type": "LineString", "coordinates": [[75.8553719, 22.7108395], [75.8556585, 22.7108269], [75.8558434, 22.7108462], [75.8560762, 22.7109278]]}, "properties": {"highway": "residential", "source_id": "way/192150088", "edited_at": "2012-11-22T22:20:36Z"}}, {"type": "Feature", "geometry": {"type": "LineString", "coordinates": [[75.8550646, 22.7121715], [75.8546647, 22.712252], [75.854511, 22.7122753], [75.8542935, 22.7123187], [75.8537362, 22.7123898]]}, "properties": {"highway": "residential", "source_id": "way/192150092", "edited_at": "2015-09-08T13:21:17Z"}}, {"type": "Feature", "geometry": {"type": "LineString", "coordinates": [[75.8532691, 22.7078154], [75.8532229, 22.7079458], [75.8532549, 22.7085467], [75.8533063, 22.7097873], [75.8533329, 22.7105652], [75.8533521, 22.7112194]]}, "properties": {"highway": "residential", "source_id": "way/192150096", "edited_at": "2021-02-26T13:25:23Z"}}, {"type": "Feature", "geometry": {"type": "LineString", "coordinates": [[75.8552993, 22.7132174], [75.8554753, 22.7132202], [75.8555934, 22.7132264], [75.8557435, 22.7132282], [75.8560323, 22.7132373]]}, "properties": {"highway": "residential", "source_id": "way/192150097", "edited_at": "2021-02-26T12:43:20Z"}}, {"type": "Feature", "geometry": {"type": "LineString", "coordinates": [[75.8533022, 22.7137978], [75.8538103, 22.7137862], [75.8540093, 22.7137749], [75.854206, 22.7137766], [75.8543918, 22.7137688], [75.854491, 22.7137638], [75.8548638, 22.7136847], [75.8552379, 22.7135901], [75.855299, 22.7135777], [75.8553479, 22.7135554], [75.8553544, 22.7134844]]}, "properties": {"highway": "residential", "source_id": "way/192150116", "edited_at": "2021-02-26T10:16:27Z"}}, {"type": "Feature", "geometry": {"type": "LineString", "coordinates": [[75.8555708, 22.7115311], [75.8551104, 22.7116762], [75.8550074, 22.7116986], [75.8549058, 22.7117115], [75.8547252, 22.7117425], [75.8545898, 22.7117534], [75.8544931, 22.7117584], [75.8543921, 22.7117633], [75.8541947, 22.7117997], [75.8540714, 22.7118105], [75.8539761, 22.7118406], [75.8537988, 22.7119137], [75.8537248, 22.7120075], [75.8536667, 22.7120597], [75.8535855, 22.7120791], [75.8534868, 22.7121189], [75.8534211, 22.712155], [75.8533204, 22.7122312]]}, "properties": {"highway": "residential", "source_id": "way/192150119", "edited_at": "2025-04-20T06:36:48Z"}}, {"type": "Feature", "geometry": {"type": "LineString", "coordinates": [[75.8586078, 22.7133459], [75.8586571, 22.7138793], [75.8586526, 22.714049], [75.8586465, 22.7142744], [75.8586172, 22.7143735], [75.8585934, 22.7144585], [75.8585532, 22.7145211], [75.858517, 22.7145661], [75.8581836, 22.7148192], [75.8579331, 22.7150211], [75.8579096, 22.7150401], [75.8578179, 22.7151134]]}, "properties": {"highway": "residential", "source_id": "way/192152687", "edited_at": "2021-03-02T05:47:45Z"}}, {"type": "Feature", "geometry": {"type": "LineString", "coordinates": [[75.8573677, 22.7154333], [75.8574013, 22.7156468], [75.8574239, 22.7157515], [75.8573736, 22.7159102], [75.8573504, 22.7160543], [75.8573251, 22.7161043], [75.8572679, 22.7161459], [75.8572238, 22.7161599], [75.8571414, 22.7161789], [75.8571078, 22.7161966], [75.8570989, 22.7162199], [75.8570964, 22.7162748], [75.8571035, 22.7164233]]}, "properties": {"highway": "residential", "source_id": "way/192152688", "edited_at": "2025-06-10T05:40:50Z"}}, {"type": "Feature", "geometry": {"type": "LineString", "coordinates": [[75.8573677, 22.7154333], [75.8578261, 22.7152956]]}, "properties": {"highway": "residential", "source_id": "way/192152690", "edited_at": "2025-06-10T05:40:50Z"}}, {"type": "Feature", "geometry": {"type": "LineString", "coordinates": [[75.8588564, 22.7143604], [75.8590054, 22.7150524], [75.8590266, 22.7151995]]}, "properties": {"highway": "residential", "source_id": "way/192152691", "edited_at": "2019-07-12T14:40:07Z"}}, {"type": "Feature", "geometry": {"type": "LineString", "coordinates": [[75.8571754, 22.7152747], [75.8572414, 22.7148145]]}, "properties": {"highway": "residential", "source_id": "way/192152692", "edited_at": "2018-12-12T07:00:46Z"}}, {"type": "Feature", "geometry": {"type": "LineString", "coordinates": [[75.8553291, 22.7159849], [75.8556462, 22.7159116], [75.8559164, 22.7158923]]}, "properties": {"highway": "residential", "source_id": "way/192152693", "edited_at": "2018-12-12T07:00:46Z"}}, {"type": "Feature", "geometry": {"type": "LineString", "coordinates": [[75.8582237, 22.7105384], [75.858203, 22.7111158], [75.8581155, 22.7113803]]}, "properties": {"highway": "residential", "source_id": "way/192152695", "edited_at": "2012-11-22T22:30:03Z"}}, {"type": "Feature", "geometry": {"type": "LineString", "coordinates": [[75.8586526, 22.714049], [75.8585981, 22.714052], [75.8582446, 22.7140569], [75.8578456, 22.7140644], [75.8577821, 22.7140659]]}, "properties": {"highway": "residential", "source_id": "way/192152696", "edited_at": "2024-03-04T05:40:39Z"}}, {"type": "Feature", "geometry": {"type": "LineString", "coordinates": [[75.8549782, 22.7149192], [75.8551199, 22.7149159], [75.8553994, 22.7148989], [75.8555538, 22.7149024], [75.8556453, 22.7149291], [75.8557328, 22.7149377], [75.8560154, 22.7149636], [75.8561379, 22.7149948]]}, "properties": {"highway": "residential", "source_id": "way/192152697", "edited_at": "2025-04-23T15:59:46Z"}}, {"type": "Feature", "geometry": {"type": "LineString", "coordinates": [[75.8548821, 22.7148092], [75.8561919, 22.7140929], [75.8563584, 22.7139675]]}, "properties": {"highway": "residential", "source_id": "way/192152698", "edited_at": "2018-12-12T07:00:46Z"}}, {"type": "Feature", "geometry": {"type": "LineString", "coordinates": [[75.8586172, 22.7143735], [75.8588564, 22.7143604], [75.8591094, 22.7142941], [75.8592211, 22.7142499]]}, "properties": {"highway": "residential", "source_id": "way/192152699", "edited_at": "2018-12-12T07:00:46Z"}}, {"type": "Feature", "geometry": {"type": "LineString", "coordinates": [[75.8574239, 22.7157515], [75.8575656, 22.7159306], [75.8576738, 22.716114], [75.8577008, 22.7162216]]}, "properties": {"highway": "residential", "source_id": "way/192152700", "edited_at": "2018-12-12T07:00:46Z"}}, {"type": "Feature", "geometry": {"type": "LineString", "coordinates": [[75.8565312, 22.7152833], [75.8568245, 22.715369], [75.8568487, 22.7153863], [75.8568711, 22.7154096], [75.8568744, 22.715446], [75.8568595, 22.7155547], [75.856826, 22.7157269], [75.8568084, 22.7157617], [75.8567843, 22.7157772], [75.8567548, 22.715797], [75.8566998, 22.7158069], [75.8563691, 22.7157446]]}, "properties": {"highway": "residential", "source_id": "way/192152701", "edited_at": "2025-06-27T05:12:44Z"}}, {"type": "Feature", "geometry": {"type": "LineString", "coordinates": [[75.8579331, 22.7150211], [75.8580288, 22.7151142], [75.8580771, 22.7151636], [75.8580919, 22.7152181], [75.858082, 22.715272], [75.8581388, 22.7153962], [75.858167, 22.7154321], [75.8581991, 22.7154605], [75.8582407, 22.7154828], [75.8582836, 22.715484], [75.858437, 22.7154409], [75.8584646, 22.7154056], [75.8584741, 22.7153541], [75.8584773, 22.7152959], [75.858474, 22.7152285], [75.8584337, 22.7151161], [75.8581836, 22.7148192]]}, "properties": {"highway": "residential", "source_id": "way/192152702", "edited_at": "2021-02-26T10:16:27Z"}}, {"type": "Feature", "geometry": {"type": "LineString", "coordinates": [[75.8562678, 22.7160814], [75.8562073, 22.7159928], [75.8560677, 22.715977], [75.8559334, 22.7159792], [75.8559164, 22.7158923], [75.8559093, 22.7156841], [75.8559389, 22.715604], [75.8559648, 22.7155811], [75.8559811, 22.715569], [75.8560189, 22.7155748], [75.8563986, 22.7156525]]}, "properties": {"highway": "residential", "source_id": "way/192152705", "edited_at": "2021-02-26T10:16:27Z"}}, {"type": "Feature", "geometry": {"type": "LineString", "coordinates": [[75.8565897, 22.7133019], [75.8567186, 22.7131843], [75.8567615, 22.7131571], [75.8568314, 22.7131309], [75.8570163, 22.7130848], [75.8572295, 22.7130822], [75.85726, 22.7130856], [75.8572852, 22.7130937], [75.857307, 22.7131079], [75.8573221, 22.7131333], [75.8573415, 22.7131892], [75.8573563, 22.713226], [75.8573804, 22.7132715], [75.8574089, 22.7133052], [75.8574328, 22.7133515], [75.8574562, 22.7133977], [75.8575246, 22.7134861]]}, "properties": {"highway": "residential", "source_id": "way/192152706", "edited_at": "2021-02-26T12:43:20Z"}}, {"type": "Feature", "geometry": {"type": "LineString", "coordinates": [[75.8556462, 22.7159116], [75.855633, 22.7157363], [75.8556462, 22.7155958], [75.8556894, 22.7154292], [75.8557427, 22.7152834], [75.855759, 22.7152509], [75.8557597, 22.7152205], [75.8557463, 22.7152094], [75.8557154, 22.715197], [75.8556122, 22.7151698], [75.8555438, 22.7151426], [75.8555035, 22.7151018], [75.8554713, 22.7150585], [75.8554499, 22.7149929], [75.8553994, 22.7148989]]}, "properties": {"highway": "residential", "source_id": "way/192152707", "edited_at": "2021-02-26T10:16:27Z"}}, {"type": "Feature", "geometry": {"type": "LineString", "coordinates": [[75.8572662, 22.713794], [75.8572963, 22.7141678], [75.8572324, 22.7143274], [75.8570701, 22.7145629], [75.8570116, 22.7146709], [75.8569371, 22.7151985]]}, "properties": {"highway": "residential", "source_id": "way/192152708", "edited_at": "2018-12-12T07:00:46Z"}}, {"type": "Feature", "geometry": {"type": "LineString", "coordinates": [[75.8562678, 22.7160814], [75.8562943, 22.7161259], [75.8563476, 22.7161591], [75.8565327, 22.7162459], [75.8566207, 22.7162678], [75.8568895, 22.716273], [75.8570964, 22.7162748], [75.8573545, 22.7162764], [75.8575889, 22.7162501], [75.8577008, 22.7162216], [75.8578977, 22.7161786]]}, "properties": {"highway": "residential", "source_id": "way/192152709", "edited_at": "2025-06-27T05:12:44Z"}}, {"type": "Feature", "geometry": {"type": "LineString", "coordinates": [[75.8514129, 22.710069], [75.8514422, 22.7102721], [75.8514561, 22.7104886], [75.8514976, 22.7109773], [75.8515529, 22.7113071], [75.851607, 22.7119009], [75.8519368, 22.712041], [75.8520417, 22.7120882], [75.8520506, 22.712155], [75.8521114, 22.7124749], [75.8522081, 22.7126945], [75.852236, 22.7128902], [75.8521912, 22.7130535], [75.8521217, 22.7131967], [75.8520937, 22.7133442], [75.8520606, 22.7137155], [75.8520471, 22.7137758]]}, "properties": {"highway": "residential", "source_id": "way/192154549", "edited_at": "2025-01-15T13:57:39Z"}}, {"type": "Feature", "geometry": {"type": "LineString", "coordinates": [[75.8493332, 22.7140718], [75.8495452, 22.7140744], [75.8498408, 22.7141268], [75.8511184, 22.7144508], [75.8514112, 22.7145312], [75.8516797, 22.7146015], [75.8519493, 22.7146651], [75.8521755, 22.7146837], [75.8523795, 22.7147061], [75.8527755, 22.7148244], [75.8531157, 22.7149532], [75.8535638, 22.7148934], [75.8538302, 22.7148779], [75.8547442, 22.7148927], [75.8548821, 22.7148092]]}, "properties": {"highway": "residential", "source_id": "way/192154550", "edited_at": "2025-04-21T10:48:25Z"}}, {"type": "Feature", "geometry": {"type": "LineString", "coordinates": [[75.8491101, 22.7132953], [75.8491665, 22.7133001], [75.8493285, 22.7132931], [75.8493968, 22.7132862], [75.8494434, 22.7132871], [75.8494917, 22.7133076], [75.8495775, 22.7133658], [75.8496953, 22.71347], [75.8498236, 22.7135404], [75.8500072, 22.7136021], [75.850264, 22.7136376], [75.8511369, 22.7136966], [75.8515584, 22.7137322], [75.8520292, 22.7137709], [75.8520471, 22.7137758], [75.8521107, 22.713786], [75.8521695, 22.7138097], [75.8522871, 22.7138981], [75.8524326, 22.7140667], [75.8525036, 22.7140907], [75.8528561, 22.7142103], [75.8533019, 22.7144308], [75.8536272, 22.7145955], [75.8537543, 22.7146018], [75.8542483, 22.7146206], [75.8547185, 22.7145678], [75.8548436, 22.7145733]]}, "properties": {"highway": "residential", "layer": "1", "name": "Kadavghat road", "source_id": "way/192154552", "edited_at": "2025-01-15T13:57:39Z"}}, {"type": "Feature", "geometry": {"type": "LineString", "coordinates": [[75.8512537, 22.7109815], [75.8511832, 22.7102828], [75.8509317, 22.7102783], [75.8510194, 22.710983]]}, "properties": {"highway": "residential", "source_id": "way/192154556", "edited_at": "2019-06-27T07:34:07Z"}}, {"type": "Feature", "geometry": {"type": "LineString", "coordinates": [[75.8523795, 22.7147061], [75.8523987, 22.7143925], [75.8524326, 22.7140667]]}, "properties": {"highway": "residential", "layer": "2", "source_id": "way/192154562", "edited_at": "2025-01-15T13:57:39Z"}}, {"type": "Feature", "geometry": {"type": "LineString", "coordinates": [[75.8535638, 22.7148934], [75.8536272, 22.7145955]]}, "properties": {"highway": "residential", "source_id": "way/192154564", "edited_at": "2015-09-08T13:21:16Z"}}, {"type": "Feature", "geometry": {"type": "LineString", "coordinates": [[75.8510205, 22.7149599], [75.8510339, 22.7155931], [75.8510136, 22.7157215]]}, "properties": {"highway": "residential", "source_id": "way/192154566", "edited_at": "2015-09-08T13:01:05Z"}}, {"type": "Feature", "geometry": {"type": "LineString", "coordinates": [[75.8493985, 22.7149719], [75.8510205, 22.7149599], [75.8513689, 22.71494]]}, "properties": {"highway": "residential", "source_id": "way/192154572", "edited_at": "2012-11-22T22:54:58Z"}}, {"type": "Feature", "geometry": {"type": "LineString", "coordinates": [[75.8500678, 22.7110022], [75.8507426, 22.7109861], [75.8510194, 22.710983], [75.8512537, 22.7109815], [75.8514976, 22.7109773]]}, "properties": {"highway": "residential", "source_id": "way/192154575", "edited_at": "2015-09-08T13:22:01Z"}}, {"type": "Feature", "geometry": {"type": "LineString", "coordinates": [[75.8519493, 22.7146651], [75.8519181, 22.7150098], [75.8519159, 22.7152984], [75.8519157, 22.7153243], [75.8519403, 22.7154811], [75.8519616, 22.7156009], [75.8519308, 22.7158646]]}, "properties": {"highway": "residential", "source_id": "way/192154578", "edited_at": "2021-03-02T06:27:07Z"}}, {"type": "Feature", "geometry": {"type": "LineString", "coordinates": [[75.8531157, 22.7149532], [75.8531104, 22.7150408], [75.8531281, 22.7151083], [75.8532904, 22.7155639], [75.8534287, 22.7160921]]}, "properties": {"highway": "residential", "source_id": "way/192154585", "edited_at": "2015-09-08T13:01:05Z"}}, {"type": "Feature", "geometry": {"type": "LineString", "coordinates": [[75.8530144, 22.7166988], [75.8530077, 22.7166703], [75.8530058, 22.7163318], [75.8530042, 22.7160789], [75.853004, 22.7160386], [75.8530103, 22.7158932], [75.8529876, 22.7157831], [75.8530162, 22.7152081], [75.8530257, 22.7151364], [75.8530487, 22.7150968], [75.8531104, 22.7150408]]}, "properties": {"highway": "residential", "source_id": "way/192154588", "edited_at": "2021-03-02T06:27:07Z"}}, {"type": "Feature", "geometry": {"type": "LineString", "coordinates": [[75.8538873, 22.7155102], [75.8540755, 22.7154693], [75.8542677, 22.715431], [75.8543285, 22.7154075], [75.8546815, 22.7153882]]}, "properties": {"highway": "residential", "source_id": "way/192154590", "edited_at": "2015-09-08T13:01:05Z"}}, {"type": "Feature", "geometry": {"type": "LineString", "coordinates": [[75.8492839, 22.7138255], [75.8495475, 22.7137614], [75.849663, 22.7137521], [75.8498552, 22.7137693], [75.8505902, 22.7139673], [75.8510605, 22.7140344], [75.8511386, 22.714041], [75.8512157, 22.7140519], [75.8513192, 22.7140556], [75.851503, 22.7141011]]}, "properties": {"highway": "residential", "source_id": "way/192154591", "edited_at": "2021-03-02T06:27:07Z"}}, {"type": "Feature", "geometry": {"type": "LineString", "coordinates": [[75.8498575, 22.7114509], [75.8501707, 22.7115071], [75.8503533, 22.7115923], [75.8504899, 22.7116953], [75.8506312, 22.7117467]]}, "properties": {"highway": "residential", "source_id": "way/192154592", "edited_at": "2012-11-22T22:54:59Z"}}, {"type": "Feature", "geometry": {"type": "LineString", "coordinates": [[75.8547442, 22.7148927], [75.8546907, 22.7152136], [75.8546815, 22.7153882], [75.8546508, 22.7157103], [75.8546021, 22.7161592], [75.8546216, 22.7162964]]}, "properties": {"highway": "residential", "source_id": "way/192154597", "edited_at": "2015-09-10T11:30:40Z"}}, {"type": "Feature", "geometry": {"type": "LineString", "coordinates": [[75.8515584, 22.7137322], [75.851503, 22.7141011], [75.8514588, 22.7142643], [75.8514112, 22.7145312], [75.8513689, 22.71494], [75.8513538, 22.7152503], [75.8513508, 22.7153375], [75.8513407, 22.7157635]]}, "properties": {"highway": "residential", "source_id": "way/192154599", "edited_at": "2025-04-21T10:48:25Z"}}, {"type": "Feature", "geometry": {"type": "LineString", "coordinates": [[75.851607, 22.7119009], [75.8513789, 22.7119669], [75.8513126, 22.7119672], [75.8512736, 22.7120329], [75.851315, 22.7126871], [75.8513338, 22.7127392], [75.8515756, 22.7127813], [75.8515593, 22.7136807], [75.8515584, 22.7137322]]}, "properties": {"highway": "residential", "layer": "1", "source_id": "way/192154601", "edited_at": "2025-01-15T13:57:39Z"}}, {"type": "Feature", "geometry": {"type": "LineString", "coordinates": [[75.8605275, 22.712362], [75.8604214, 22.7127019], [75.8603424, 22.7128685], [75.8603764, 22.7130279], [75.8603934, 22.7131836], [75.8602965, 22.7135952], [75.8602531, 22.7137066], [75.8602335, 22.7137567], [75.8602372, 22.7139111], [75.8602512, 22.7140733], [75.8602745, 22.7142055], [75.8602741, 22.7142992], [75.860278, 22.7144036], [75.8602875, 22.7144503], [75.8603696, 22.7148965]]}, "properties": {"highway": "residential", "source_id": "way/192437209", "edited_at": "2021-03-01T04:55:00Z"}}, {"type": "Feature", "geometry": {"type": "LineString", "coordinates": [[75.8613607, 22.7139697], [75.861389, 22.7141681], [75.8614386, 22.7143493], [75.861507, 22.7145241], [75.8616922, 22.7148585], [75.8618012, 22.7150175], [75.8618038, 22.7151785], [75.8618024, 22.7152762], [75.861806, 22.7154603], [75.8616802, 22.7155595], [75.8616496, 22.7156031], [75.8616319, 22.7156466], [75.8616352, 22.7160469], [75.8616402, 22.716288]]}, "properties": {"highway": "residential", "source_id": "way/192437210", "edited_at": "2025-06-19T18:00:25Z"}}, {"type": "Feature", "geometry": {"type": "LineString", "coordinates": [[75.8611204, 22.7081597], [75.8609866, 22.7083723], [75.8608625, 22.7085642], [75.8608251, 22.7086436], [75.8607749, 22.7087504], [75.8607141, 22.7090217], [75.8607053, 22.709061], [75.8606601, 22.7094376], [75.8606811, 22.709713], [75.8606846, 22.7097586], [75.8607293, 22.7100481], [75.8607319, 22.7100867], [75.8606853, 22.710236], [75.8606507, 22.7103889], [75.8605184, 22.7107878]]}, "properties": {"highway": "residential", "source_id": "way/192437212", "edited_at": "2025-06-19T09:01:07Z"}}, {"type": "Feature", "geometry": {"type": "LineString", "coordinates": [[75.8636897, 22.7148323], [75.8635788, 22.7156173]]}, "properties": {"highway": "residential", "source_id": "way/192437213", "edited_at": "2018-12-12T07:00:47Z"}}, {"type": "Feature", "geometry": {"type": "LineString", "coordinates": [[75.8626349, 22.7127456], [75.862523, 22.7125294], [75.8624588, 22.7124514], [75.8624358, 22.7123835], [75.8623928, 22.7122763], [75.8623713, 22.7121439], [75.862307, 22.7118841], [75.8622898, 22.7117709], [75.8622753, 22.7116962], [75.8622268, 22.7115657], [75.862201, 22.7113497], [75.8621806, 22.7112903], [75.8621313, 22.7112247], [75.8621044, 22.7111752], [75.8620823, 22.7111257], [75.862077, 22.7110893], [75.8620528, 22.7107553], [75.8620313, 22.7106093], [75.8620009, 22.7104889], [75.8619758, 22.7104294], [75.8619398, 22.7103506]]}, "properties": {"highway": "residential", "source_id": "way/192437216", "edited_at": "2025-06-07T02:23:56Z"}}, {"type": "Feature", "geometry": {"type": "LineString", "coordinates": [[75.8622067, 22.7152164], [75.8623151, 22.7160157], [75.8623384, 22.7162363], [75.862347, 22.7163002]]}, "properties": {"highway": "residential", "source_id": "way/192437217", "edited_at": "2024-03-21T09:16:57Z"}}, {"type": "Feature", "geometry": {"type": "LineString", "coordinates": [[75.8629307, 22.7109759], [75.8633536, 22.7108755], [75.8637526, 22.7107829]]}, "properties": {"highway": "residential", "source_id": "way/192437220", "edited_at": "2019-11-20T04:42:48Z"}}, {"type": "Feature", "geometry": {"type": "LineString", "coordinates": [[75.863866, 22.7148316], [75.8636897, 22.7148323], [75.8634108, 22.714829]]}, "properties": {"highway": "residential", "source_id": "way/192437223", "edited_at": "2018-12-12T07:00:47Z"}}, {"type": "Feature", "geometry": {"type": "LineString", "coordinates": [[75.862215, 22.7148486], [75.8622212, 22.7144351], [75.8622666, 22.7138368]]}, "properties": {"highway": "residential", "source_id": "way/192437226", "edited_at": "2018-12-12T07:00:47Z"}}, {"type": "Feature", "geometry": {"type": "LineString", "coordinates": [[75.8633759, 22.7143459], [75.8634108, 22.714829], [75.863392, 22.7153079]]}, "properties": {"highway": "residential", "source_id": "way/192437228", "edited_at": "2018-12-12T07:00:48Z"}}, {"type": "Feature", "geometry": {"type": "LineString", "coordinates": [[75.8645174, 22.7093756], [75.8641639, 22.7094837], [75.8641484, 22.7095027], [75.8641399, 22.7095217], [75.8641349, 22.7095465], [75.8641431, 22.7095744], [75.8642447, 22.7101003], [75.8643923, 22.7107267]]}, "properties": {"highway": "residential", "source_id": "way/192437230", "edited_at": "2025-06-19T13:41:09Z"}}, {"type": "Feature", "geometry": {"type": "LineString", "coordinates": [[75.8620106, 22.7103594], [75.861999, 22.7102686], [75.8619122, 22.7101257]]}, "properties": {"highway": "residential", "source_id": "way/192437232", "edited_at": "2021-02-26T05:31:05Z"}}, {"type": "Feature", "geometry": {"type": "LineString", "coordinates": [[75.8628771, 22.7144707], [75.8628178, 22.7151121], [75.8628273, 22.7152298], [75.8628575, 22.7154973], [75.8628558, 22.7156152], [75.8628565, 22.7159744], [75.8628649, 22.7161901]]}, "properties": {"highway": "residential", "source_id": "way/192437233", "edited_at": "2021-03-01T04:27:53Z"}}, {"type": "Feature", "geometry": {"type": "LineString", "coordinates": [[75.8628273, 22.7152298], [75.8622067, 22.7152164], [75.8620597, 22.715228], [75.8618038, 22.7151785]]}, "properties": {"highway": "residential", "source_id": "way/192437234", "edited_at": "2018-12-12T07:00:48Z"}}, {"type": "Feature", "geometry": {"type": "LineString", "coordinates": [[75.8620052, 22.7138472], [75.8620012, 22.7144355], [75.8620202, 22.7149403], [75.8620597, 22.715228]]}, "properties": {"highway": "residential", "source_id": "way/192437240", "edited_at": "2018-12-12T07:00:48Z"}}, {"type": "Feature", "geometry": {"type": "LineString", "coordinates": [[75.8638152, 22.7143271], [75.863866, 22.7148316], [75.8638685, 22.7151557], [75.8637998, 22.7156358]]}, "properties": {"highway": "residential", "source_id": "way/192437242", "edited_at": "2018-12-12T07:00:48Z"}}, {"type": "Feature", "geometry": {"type": "LineString", "coordinates": [[75.8607293, 22.7100481], [75.8609353, 22.7100372], [75.8610356, 22.7100383], [75.8611697, 22.7100754], [75.8613129, 22.7101136], [75.8614046, 22.7101192], [75.861512, 22.7101386], [75.8617215, 22.7101517], [75.8618034, 22.7101288], [75.8618618, 22.7101161], [75.8618884, 22.710116], [75.8619122, 22.7101257]]}, "properties": {"highway": "residential", "source_id": "way/192437246", "edited_at": "2025-06-19T14:15:52Z"}}, {"type": "Feature", "geometry": {"type": "LineString", "coordinates": [[75.8644253, 22.7089141], [75.8645174, 22.7093756], [75.8645422, 22.7094393], [75.8645755, 22.709495], [75.8646228, 22.7095334], [75.8648019, 22.7103562], [75.8649917, 22.71116]]}, "properties": {"highway": "residential", "source_id": "way/192437247", "edited_at": "2025-06-19T13:39:40Z"}}, {"type": "Feature", "geometry": {"type": "LineString", "coordinates": [[75.8639295, 22.711461], [75.8646058, 22.7112437], [75.8647497, 22.7111975], [75.8649917, 22.71116], [75.8650531, 22.7111495], [75.8651467, 22.7111315], [75.8653601, 22.7110947], [75.865495, 22.7110568], [75.865722, 22.71099], [75.8661055, 22.7108959]]}, "properties": {"highway": "residential", "source_id": "way/192437250", "edited_at": "2022-12-05T07:41:56Z"}}, {"type": "Feature", "geometry": {"type": "LineString", "coordinates": [[75.8622268, 22.7115657], [75.8618512, 22.711557], [75.8615422, 22.711569], [75.8610564, 22.7115597], [75.860883, 22.7115741], [75.8606264, 22.7115741], [75.8603493, 22.7115374], [75.8601015, 22.7114598]]}, "properties": {"highway": "residential", "source_id": "way/192437251", "edited_at": "2023-07-28T12:58:50Z"}}, {"type": "Feature", "geometry": {"type": "LineString", "coordinates": [[75.861493, 22.7118767], [75.8615422, 22.711569], [75.8616037, 22.7111496], [75.8616746, 22.7108263], [75.8616988, 22.7107534], [75.8617282, 22.7106835], [75.8617886, 22.7106309], [75.8618493, 22.7105884], [75.8619087, 22.7105499], [75.861949, 22.7105208], [75.8620009, 22.7104889]]}, "properties": {"highway": "residential", "source_id": "way/192437254", "edited_at": "2021-02-26T09:10:27Z"}}, {"type": "Feature", "geometry": {"type": "LineString", "coordinates": [[75.8633419, 22.7094393], [75.8634859, 22.7096159], [75.8637526, 22.7107829], [75.8638184, 22.7110809], [75.8639033, 22.7113715], [75.8639295, 22.711461], [75.8640765, 22.7119643], [75.8640915, 22.7120463], [75.8641483, 22.7123569], [75.8641336, 22.7126281], [75.8641313, 22.7130969]]}, "properties": {"highway": "tertiary", "source_id": "way/192437255", "edited_at": "2022-02-20T03:12:52Z"}}, {"type": "Feature", "geometry": {"type": "LineString", "coordinates": [[75.8620012, 22.7144355], [75.8622212, 22.7144351], [75.8628771, 22.7144707], [75.8629978, 22.7144364], [75.8630963, 22.7143927], [75.8631962, 22.7143635], [75.8633759, 22.7143459], [75.8638152, 22.7143271], [75.863971, 22.7143197]]}, "properties": {"highway": "residential", "source_id": "way/192437256", "edited_at": "2019-07-15T18:26:41Z"}}, {"type": "Feature", "geometry": {"type": "LineString", "coordinates": [[75.8626503, 22.7100118], [75.8628339, 22.7106905], [75.8629307, 22.7109759], [75.8629807, 22.7112822], [75.8630125, 22.711553], [75.863071, 22.7120509], [75.8630694, 22.7124012], [75.8630691, 22.7124552], [75.8629355, 22.7125472], [75.862864, 22.7126357], [75.8627378, 22.7127397]]}, "properties": {"highway": "residential", "source_id": "way/192437257", "edited_at": "2021-02-19T08:12:54Z"}}, {"type": "Feature", "geometry": {"type": "LineString", "coordinates": [[75.8643689, 22.7166802], [75.864238, 22.7163338], [75.8642323, 22.7161152], [75.8642308, 22.7160578]]}, "properties": {"highway": "residential", "source_id": "way/329177305", "edited_at": "2024-03-21T09:16:57Z"}}, {"type": "Feature", "geometry": {"type": "LineString", "coordinates": [[75.864238, 22.7163338], [75.8640851, 22.71634], [75.8640113, 22.7163289], [75.8638488, 22.7162229]]}, "properties": {"highway": "residential", "source_id": "way/329177374", "edited_at": "2019-11-20T01:57:55Z"}}, {"type": "Feature", "geometry": {"type": "LineString", "coordinates": [[75.850807, 22.7223769], [75.8508167, 22.722479], [75.8508172, 22.7226899], [75.8508191, 22.7227201], [75.8508197, 22.7227801], [75.8508191, 22.7228692], [75.8508237, 22.7229929], [75.8508251, 22.7232063], [75.8508251, 22.7232941], [75.8508291, 22.7234419], [75.8508325, 22.7235378], [75.8508372, 22.7235786], [75.8508486, 22.7235984], [75.8508653, 22.7236089], [75.8508895, 22.723617], [75.8509243, 22.7236188], [75.8512501, 22.7235974], [75.8513574, 22.7235898]]}, "properties": {"highway": "residential", "source_id": "way/362206532", "edited_at": "2021-03-01T04:17:50Z"}}, {"type": "Feature", "geometry": {"type": "LineString", "coordinates": [[75.8508353, 22.7208596], [75.8511041, 22.720814], [75.8512252, 22.7207894], [75.8513619, 22.7207746], [75.8514478, 22.7207779], [75.8515585, 22.7207671], [75.8517293, 22.7207548], [75.8518835, 22.7207594]]}, "properties": {"highway": "residential", "source_id": "way/362209620", "edited_at": "2025-06-27T09:32:27Z"}}, {"type": "Feature", "geometry": {"type": "LineString", "coordinates": [[75.851106, 22.7223558], [75.8510399, 22.7221411], [75.8509697, 22.7219095], [75.8509345, 22.7217379], [75.850906, 22.721673], [75.8508499, 22.7209617], [75.8508353, 22.7208596]]}, "properties": {"highway": "residential", "source_id": "way/362209624", "edited_at": "2015-09-11T05:20:54Z"}}, {"type": "Feature", "geometry": {"type": "LineString", "coordinates": [[75.8517937, 22.721651], [75.8523885, 22.721569], [75.8525691, 22.7214777], [75.8526636, 22.7214534], [75.8528866, 22.721396], [75.8532556, 22.7212941], [75.8535281, 22.7212227], [75.8537916, 22.721151], [75.8540961, 22.7210932], [75.8542473, 22.7210534], [75.8542775, 22.7210454], [75.8545176, 22.7210396], [75.8545518, 22.7210414], [75.8547272, 22.7210943]]}, "properties": {"highway": "residential", "source_id": "way/362209628", "edited_at": "2025-06-27T04:48:17Z"}}, {"type": "Feature", "geometry": {"type": "LineString", "coordinates": [[75.8517968, 22.7216647], [75.8514905, 22.7216751], [75.8513726, 22.7216756], [75.8509345, 22.7217379], [75.8507323, 22.7217666], [75.8506231, 22.7217835], [75.8505139, 22.7217854], [75.8503568, 22.7217681], [75.8503069, 22.7217363], [75.8502596, 22.7217086], [75.8502063, 22.7216618]]}, "properties": {"highway": "residential", "source_id": "way/362209630", "edited_at": "2025-06-27T07:26:35Z"}}, {"type": "Feature", "geometry": {"type": "LineString", "coordinates": [[75.8526636, 22.7214534], [75.8527246, 22.7209588], [75.8527592, 22.7206788]]}, "properties": {"highway": "residential", "source_id": "way/362209634", "edited_at": "2015-09-08T12:34:09Z"}}, {"type": "Feature", "geometry": {"type": "LineString", "coordinates": [[75.8542473, 22.7210534], [75.8542192, 22.7204557], [75.8541567, 22.7199814]]}, "properties": {"highway": "residential", "source_id": "way/362209635", "edited_at": "2015-09-08T12:34:09Z"}}, {"type": "Feature", "geometry": {"type": "LineString", "coordinates": [[75.8536022, 22.7189153], [75.8535482, 22.7182452], [75.8535547, 22.7180234], [75.8535141, 22.7169056], [75.8535143, 22.7166878], [75.8534678, 22.7161511], [75.8534638, 22.7161048]]}, "properties": {"highway": "residential", "source_id": "way/369458632", "edited_at": "2021-02-26T12:34:33Z"}}, {"type": "Feature", "geometry": {"type": "LineString", "coordinates": [[75.8558191, 22.7219183], [75.855846, 22.7221232]]}, "properties": {"highway": "residential", "source_id": "way/369507183", "edited_at": "2015-09-07T10:57:03Z"}}, {"type": "Feature", "geometry": {"type": "LineString", "coordinates": [[75.8561875, 22.7224434], [75.8564012, 22.7224539], [75.8565084, 22.7224569], [75.8565756, 22.7224526], [75.8567052, 22.7224109], [75.856736, 22.7224103], [75.8567655, 22.722414], [75.856791, 22.722435], [75.8568072, 22.7224603], [75.8568061, 22.7226313]]}, "properties": {"highway": "residential", "source_id": "way/369507184", "edited_at": "2021-02-26T11:23:50Z"}}, {"type": "Feature", "geometry": {"type": "LineString", "coordinates": [[75.8575869, 22.7214011], [75.8575226, 22.7214043], [75.8574621, 22.7214011], [75.8574047, 22.7214066], [75.8568318, 22.7213607]]}, "properties": {"highway": "residential", "source_id": "way/369507187", "edited_at": "2015-09-07T11:41:42Z"}}, {"type": "Feature", "geometry": {"type": "LineString", "coordinates": [[75.8560103, 22.7220577], [75.8559803, 22.7219765], [75.8559689, 22.7219324], [75.8559643, 22.7219105], [75.8559473, 22.721831]]}, "properties": {"highway": "residential", "source_id": "way/369507189", "edited_at": "2015-09-07T10:57:03Z"}}, {"type": "Feature", "geometry": {"type": "LineString", "coordinates": [[75.8555244, 22.7211997], [75.8555245, 22.7214704]]}, "properties": {"highway": "residential", "source_id": "way/369507190", "edited_at": "2015-09-10T11:30:35Z"}}, {"type": "Feature", "geometry": {"type": "LineString", "coordinates": [[75.8559643, 22.7219105], [75.8559226, 22.7219159], [75.8558191, 22.7219183], [75.8556522, 22.7219202]]}, "properties": {"highway": "residential", "source_id": "way/369507191", "edited_at": "2019-07-15T17:23:39Z"}}, {"type": "Feature", "geometry": {"type": "LineString", "coordinates": [[75.8556801, 22.7221362], [75.855652, 22.7219706], [75.8556522, 22.7219202]]}, "properties": {"highway": "residential", "source_id": "way/369507193", "edited_at": "2025-06-27T04:40:22Z"}}, {"type": "Feature", "geometry": {"type": "LineString", "coordinates": [[75.8562831, 22.7218906], [75.8562349, 22.7217705], [75.856245, 22.721664], [75.85628, 22.7215828], [75.8563369, 22.7215162], [75.8563598, 22.7214867], [75.8564069, 22.7214578]]}, "properties": {"highway": "residential", "source_id": "way/369507194", "edited_at": "2021-02-26T08:26:54Z"}}, {"type": "Feature", "geometry": {"type": "LineString", "coordinates": [[75.8563579, 22.7218449], [75.8564584, 22.722024], [75.8565453, 22.7222095]]}, "properties": {"highway": "residential", "source_id": "way/369518865", "edited_at": "2015-09-11T05:59:25Z"}}, {"type": "Feature", "geometry": {"type": "LineString", "coordinates": [[75.8568202, 22.7251738], [75.8568063, 22.7247808]]}, "properties": {"highway": "service", "source_id": "way/369518866", "edited_at": "2023-09-01T14:49:43Z"}}, {"type": "Feature", "geometry": {"type": "LineString", "coordinates": [[75.8570625, 22.7240413], [75.8566211, 22.7240439]]}, "properties": {"highway": "residential", "source_id": "way/369518869", "edited_at": "2015-09-07T11:41:39Z"}}, {"type": "Feature", "geometry": {"type": "LineString", "coordinates": [[75.8570522, 22.7242078], [75.8565314, 22.7241958], [75.8563482, 22.7241906], [75.8558281, 22.7241516], [75.8553948, 22.7241277], [75.8552354, 22.7241277]]}, "properties": {"highway": "residential", "source_id": "way/369518870", "edited_at": "2015-09-10T11:30:40Z"}}, {"type": "Feature", "geometry": {"type": "LineString", "coordinates": [[75.8567155, 22.7228269], [75.8564829, 22.7228218], [75.8561162, 22.7228137], [75.8557501, 22.7228128], [75.8555401, 22.7228011]]}, "properties": {"highway": "residential", "source_id": "way/369518871", "edited_at": "2015-09-10T11:30:40Z"}}, {"type": "Feature", "geometry": {"type": "LineString", "coordinates": [[75.8565788, 22.7251711], [75.8565621, 22.7247726]]}, "properties": {"highway": "service", "source_id": "way/369518873", "edited_at": "2023-08-31T08:37:50Z"}}, {"type": "Feature", "geometry": {"type": "LineString", "coordinates": [[75.8573444, 22.7250533], [75.8573375, 22.7248057], [75.8573324, 22.7245051], [75.8573285, 22.7240988], [75.8573409, 22.7239011], [75.8573468, 22.723704], [75.8573403, 22.7232628], [75.8573821, 22.7229422], [75.8574494, 22.7227416]]}, "properties": {"highway": "residential", "source_id": "way/369518876", "edited_at": "2015-09-10T11:30:43Z"}}, {"type": "Feature", "geometry": {"type": "LineString", "coordinates": [[75.8570498, 22.7222959], [75.8575657, 22.7223225], [75.858088, 22.7223558]]}, "properties": {"highway": "residential", "source_id": "way/369518879", "edited_at": "2019-07-15T17:23:39Z"}}, {"type": "Feature", "geometry": {"type": "LineString", "coordinates": [[75.8557221, 22.7233259], [75.8557501, 22.7228128]]}, "properties": {"highway": "residential", "source_id": "way/369518883", "edited_at": "2015-09-10T11:30:36Z"}}, {"type": "Feature", "geometry": {"type": "LineString", "coordinates": [[75.8578925, 22.724498], [75.8579126, 22.7238962], [75.8579186, 22.723705]]}, "properties": {"highway": "residential", "source_id": "way/369518884", "edited_at": "2015-09-07T11:41:40Z"}}, {"type": "Feature", "geometry": {"type": "LineString", "coordinates": [[75.8570635, 22.7240952], [75.8573285, 22.7240988], [75.8575762, 22.724099]]}, "properties": {"highway": "residential", "source_id": "way/369518887", "edited_at": "2015-09-07T11:41:40Z"}}, {"type": "Feature", "geometry": {"type": "LineString", "coordinates": [[75.8566896, 22.7233605], [75.8564676, 22.7233374], [75.8560837, 22.7233306], [75.8557221, 22.7233259], [75.8555147, 22.7233374], [75.8552988, 22.7233503]]}, "properties": {"highway": "residential", "source_id": "way/369518890", "edited_at": "2015-09-10T11:30:40Z"}}, {"type": "Feature", "geometry": {"type": "LineString", "coordinates": [[75.8556509, 22.7222492], [75.8560411, 22.7222878], [75.8561928, 22.722307]]}, "properties": {"highway": "residential", "source_id": "way/369518892", "edited_at": "2015-09-11T05:59:25Z"}}, {"type": "Feature", "geometry": {"type": "LineString", "coordinates": [[75.8552769, 22.7226223], [75.8552945, 22.7230347], [75.8552988, 22.7233503], [75.8552491, 22.7234433], [75.8552392, 22.723549], [75.8552412, 22.7235979], [75.8552597, 22.7237314], [75.8552597, 22.7239065]]}, "properties": {"highway": "residential", "source_id": "way/369518895", "edited_at": "2024-03-04T07:22:05Z"}}, {"type": "Feature", "geometry": {"type": "LineString", "coordinates": [[75.8566896, 22.7233605], [75.8567205, 22.7233623], [75.8568642, 22.7233781], [75.8568855, 22.7233715]]}, "properties": {"highway": "residential", "source_id": "way/369518896", "edited_at": "2024-03-04T07:29:33Z"}}, {"type": "Feature", "geometry": {"type": "LineString", "coordinates": [[75.8560803, 22.723533], [75.8564602, 22.72354]]}, "properties": {"highway": "residential", "source_id": "way/369518897", "edited_at": "2015-09-10T11:30:35Z"}}, {"type": "Feature", "geometry": {"type": "LineString", "coordinates": [[75.8582739, 22.7237311], [75.8579186, 22.723705], [75.8575797, 22.7237001], [75.8573468, 22.723704], [75.8570746, 22.7237044]]}, "properties": {"highway": "residential", "source_id": "way/369518898", "edited_at": "2015-09-07T11:41:40Z"}}, {"type": "Feature", "geometry": {"type": "LineString", "coordinates": [[75.8579601, 22.7261486], [75.8579393, 22.7258519], [75.8579401, 22.7258246], [75.8579386, 22.7256736], [75.8579256, 22.7256055], [75.8579215, 22.72553], [75.8579274, 22.7253927], [75.8579221, 22.7252016], [75.8579239, 22.7250342], [75.8579003, 22.7244979]]}, "properties": {"highway": "residential", "source_id": "way/369520805", "edited_at": "2025-06-17T01:00:40Z"}}, {"type": "Feature", "geometry": {"type": "LineString", "coordinates": [[75.8502538, 22.7269493], [75.8505136, 22.7266332], [75.8506515, 22.7263944], [75.8507307, 22.7262047], [75.8507572, 22.7261179], [75.8508361, 22.725897], [75.8509186, 22.7256815], [75.8509764, 22.7256004], [75.8511099, 22.7252347], [75.8511897, 22.7248999], [75.8512209, 22.7245735], [75.8512841, 22.7242301], [75.8513051, 22.7241477], [75.8513387, 22.7239264], [75.8513538, 22.7236566], [75.8513574, 22.7235898], [75.8513428, 22.7232951], [75.8513273, 22.7229088], [75.8515982, 22.7223336]]}, "properties": {"highway": "residential", "source_id": "way/369665627", "edited_at": "2021-02-26T08:26:54Z"}}, {"type": "Feature", "geometry": {"type": "LineString", "coordinates": [[75.8545176, 22.7210396], [75.8545028, 22.720827], [75.8545162, 22.720701], [75.8545335, 22.7205874], [75.8545926, 22.7204308], [75.8546393, 22.7202662], [75.8546996, 22.7202193], [75.8547398, 22.7200945], [75.8547878, 22.7199506]]}, "properties": {"highway": "residential", "source_id": "way/369673281", "edited_at": "2015-09-10T11:30:43Z"}}, {"type": "Feature", "geometry": {"type": "LineString", "coordinates": [[75.8531988, 22.724393], [75.8532478, 22.7245256], [75.8533055, 22.7245911], [75.853347, 22.7246134], [75.8534034, 22.7246183], [75.8535549, 22.7246295], [75.8537762, 22.7246505], [75.8539452, 22.724674], [75.8540457, 22.7246827], [75.8541732, 22.7246963], [75.8542724, 22.7246963], [75.8543301, 22.7247099], [75.8544293, 22.7247507]]}, "properties": {"highway": "residential", "source_id": "way/369673282", "edited_at": "2021-02-26T11:41:18Z"}}, {"type": "Feature", "geometry": {"type": "LineString", "coordinates": [[75.850123, 22.7205071], [75.8497554, 22.7205477], [75.8495817, 22.7205601], [75.8493667, 22.7205944], [75.8491126, 22.720628]]}, "properties": {"highway": "residential", "source_id": "way/369673283", "edited_at": "2025-04-20T07:38:05Z"}}, {"type": "Feature", "geometry": {"type": "LineString", "coordinates": [[75.8513273, 22.7229088], [75.8508191, 22.7228692]]}, "properties": {"highway": "residential", "source_id": "way/369673284", "edited_at": "2015-09-08T12:34:07Z"}}, {"type": "Feature", "geometry": {"type": "LineString", "coordinates": [[75.8501542, 22.7209554], [75.8496878, 22.7209876]]}, "properties": {"highway": "residential", "source_id": "way/369673286", "edited_at": "2015-09-08T12:34:07Z"}}, {"type": "Feature", "geometry": {"type": "LineString", "coordinates": [[75.852423, 22.721022], [75.8527246, 22.7209588]]}, "properties": {"highway": "residential", "source_id": "way/369673287", "edited_at": "2015-09-08T12:34:07Z"}}, {"type": "Feature", "geometry": {"type": "LineString", "coordinates": [[75.85247, 22.7244611], [75.8524308, 22.7247617]]}, "properties": {"highway": "path", "source_id": "way/369673288", "edited_at": "2021-02-26T08:26:54Z"}}, {"type": "Feature", "geometry": {"type": "LineString", "coordinates": [[75.8513574, 22.7235898], [75.8518456, 22.7235903], [75.8522735, 22.7236164], [75.8526781, 22.723662], [75.8527757, 22.723486], [75.8528956, 22.7235208], [75.8526124, 22.7240067], [75.852849, 22.7241634], [75.8530363, 22.7239023], [75.8533729, 22.7241047]]}, "properties": {"highway": "residential", "source_id": "way/369673289", "edited_at": "2022-11-14T05:14:56Z"}}, {"type": "Feature", "geometry": {"type": "LineString", "coordinates": [[75.8500426, 22.7233949], [75.8499365, 22.7234176], [75.8498069, 22.7234326], [75.8493733, 22.7234892]]}, "properties": {"highway": "residential", "source_id": "way/369673291", "edited_at": "2015-09-08T12:34:07Z"}}, {"type": "Feature", "geometry": {"type": "LineString", "coordinates": [[75.8549993, 22.7219581], [75.8549951, 22.7220978], [75.8549924, 22.7221896], [75.854988, 22.7222875]]}, "properties": {"highway": "residential", "source_id": "way/369673294", "edited_at": "2015-09-08T12:34:07Z"}}, {"type": "Feature", "geometry": {"type": "LineString", "coordinates": [[75.8526336, 22.7224239], [75.8529805, 22.7223375], [75.8531948, 22.7222475], [75.8533148, 22.7221933], [75.8533621, 22.7220927], [75.8533224, 22.7219118]]}, "properties": {"highway": "residential", "source_id": "way/369673298", "edited_at": "2022-12-29T08:45:12Z"}}, {"type": "Feature", "geometry": {"type": "LineString", "coordinates": [[75.8518354, 22.7210096], [75.8520884, 22.7210122], [75.8522607, 22.7210096], [75.852423, 22.721022]]}, "properties": {"highway": "residential", "source_id": "way/369673299", "edited_at": "2015-09-10T11:30:38Z"}}, {"type": "Feature", "geometry": {"type": "LineString", "coordinates": [[75.8513726, 22.7216756], [75.8513709, 22.7215209], [75.8513749, 22.7215017], [75.8513853, 22.7214844], [75.8514256, 22.7214408], [75.8514393, 22.721425], [75.85145, 22.7214027], [75.8514521, 22.7213811], [75.8514084, 22.7210733], [75.851377, 22.7209184], [75.8513619, 22.7207746]]}, "properties": {"highway": "residential", "source_id": "way/369673300", "edited_at": "2021-03-01T04:17:50Z"}}, {"type": "Feature", "geometry": {"type": "LineString", "coordinates": [[75.853968, 22.7214157], [75.8539921, 22.7213761], [75.854039, 22.721344], [75.8540846, 22.7213341], [75.8541436, 22.7213279], [75.8544819, 22.7214228], [75.8545924, 22.721461]]}, "properties": {"highway": "residential", "source_id": "way/369673301", "edited_at": "2022-12-29T08:45:12Z"}}, {"type": "Feature", "geometry": {"type": "LineString", "coordinates": [[75.8512841, 22.7242301], [75.851659, 22.7242626], [75.8521931, 22.7243762], [75.85247, 22.7244611], [75.8530793, 22.7245912]]}, "properties": {"highway": "residential", "source_id": "way/369673302", "edited_at": "2021-02-26T08:26:54Z"}}, {"type": "Feature", "geometry": {"type": "LineString", "coordinates": [[75.8511093, 22.7241929], [75.8509659, 22.7242089], [75.8507486, 22.7242646], [75.8506031, 22.7243004], [75.850414, 22.7243462], [75.8502544, 22.7243697]]}, "properties": {"highway": "residential", "source_id": "way/369673303", "edited_at": "2015-09-08T12:34:08Z"}}, {"type": "Feature", "geometry": {"type": "LineString", "coordinates": [[75.8514737, 22.7245956], [75.8514808, 22.7246804], [75.8514789, 22.7247297], [75.8514734, 22.7247798], [75.8514648, 22.7248321], [75.8514543, 22.7248952], [75.8514278, 22.7249979], [75.8514254, 22.7250512], [75.8514289, 22.7251034]]}, "properties": {"highway": "residential", "source_id": "way/369673304", "edited_at": "2025-06-26T05:33:42Z"}}, {"type": "Feature", "geometry": {"type": "LineString", "coordinates": [[75.8537963, 22.7232651], [75.8536032, 22.7232098], [75.8534181, 22.7231611], [75.8532304, 22.7231364], [75.853048, 22.7231141], [75.8528622, 22.7231189], [75.8526142, 22.7231118]]}, "properties": {"highway": "residential", "source_id": "way/369673305", "edited_at": "2025-06-24T14:09:35Z"}}, {"type": "Feature", "geometry": {"type": "LineString", "coordinates": [[75.8502636, 22.7245749], [75.8496177, 22.7246492], [75.84948, 22.7246863]]}, "properties": {"highway": "residential", "source_id": "way/369673306", "edited_at": "2021-03-01T04:17:50Z"}}, {"type": "Feature", "geometry": {"type": "LineString", "coordinates": [[75.8512209, 22.7245735], [75.8514737, 22.7245956], [75.8515644, 22.7245059], [75.8516461, 22.7244484], [75.8517092, 22.7244216], [75.8518389, 22.7244021], [75.8519347, 22.724409], [75.8520646, 22.7244089], [75.8521289, 22.724399], [75.8521931, 22.7243762]]}, "properties": {"highway": "residential", "source_id": "way/369673307", "edited_at": "2021-02-26T08:26:54Z"}}, {"type": "Feature", "geometry": {"type": "LineString", "coordinates": [[75.8505113, 22.7166928], [75.8505215, 22.7168462], [75.8505287, 22.7170625], [75.8505185, 22.7172616], [75.850501, 22.7172985], [75.85048, 22.7173112], [75.8504486, 22.7173356]]}, "properties": {"highway": "residential", "source_id": "way/369676937", "edited_at": "2025-06-27T02:59:42Z"}}, {"type": "Feature", "geometry": {"type": "LineString", "coordinates": [[75.8520872, 22.7183081], [75.8523912, 22.7183141], [75.852414, 22.7183182], [75.8524425, 22.7183299], [75.8524592, 22.7183478], [75.8524713, 22.7183621], [75.8524907, 22.718372], [75.8525102, 22.7183732], [75.8526872, 22.7183803]]}, "properties": {"highway": "residential", "source_id": "way/369676938", "edited_at": "2021-02-26T11:23:50Z"}}, {"type": "Feature", "geometry": {"type": "LineString", "coordinates": [[75.8520297, 22.7201882], [75.85194, 22.7201864], [75.8518223, 22.720179], [75.8516697, 22.7201794]]}, "properties": {"highway": "residential", "source_id": "way/369676939", "edited_at": "2015-09-10T12:33:10Z"}}, {"type": "Feature", "geometry": {"type": "LineString", "coordinates": [[75.8523801, 22.7203413], [75.8523187, 22.7203154], [75.8522449, 22.7202749], [75.8521824, 22.7201941], [75.852151, 22.7201253], [75.8521777, 22.7199638], [75.852189, 22.7197964], [75.852176, 22.7195414], [75.8521555, 22.719339], [75.8521418, 22.7191593], [75.8521384, 22.7190985]]}, "properties": {"highway": "residential", "source_id": "way/369676942", "edited_at": "2025-06-27T02:59:42Z"}}, {"type": "Feature", "geometry": {"type": "LineString", "coordinates": [[75.8546448, 22.7167818], [75.8546986, 22.7168269], [75.854729, 22.7169004], [75.854767, 22.717037], [75.8547916, 22.7171245], [75.8548713, 22.717135], [75.8549105, 22.7171475]]}, "properties": {"highway": "residential", "source_id": "way/369676943", "edited_at": "2015-09-10T12:25:04Z"}}, {"type": "Feature", "geometry": {"type": "LineString", "coordinates": [[75.850406, 22.7163685], [75.8504261, 22.7166849]]}, "properties": {"highway": "residential", "source_id": "way/369676944", "edited_at": "2015-09-08T13:01:01Z"}}, {"type": "Feature", "geometry": {"type": "LineString", "coordinates": [[75.8549268, 22.7193563], [75.8544482, 22.7193688]]}, "properties": {"highway": "residential", "source_id": "way/369676946", "edited_at": "2015-09-08T13:01:01Z"}}, {"type": "Feature", "geometry": {"type": "LineString", "coordinates": [[75.8549221, 22.7189899], [75.8544472, 22.7189946]]}, "properties": {"highway": "residential", "source_id": "way/369676947", "edited_at": "2015-09-08T13:01:01Z"}}, {"type": "Feature", "geometry": {"type": "LineString", "coordinates": [[75.8506922, 22.7156585], [75.8506914, 22.7157043], [75.8506852, 22.716049], [75.8507116, 22.7163656]]}, "properties": {"highway": "residential", "source_id": "way/369676950", "edited_at": "2021-02-26T12:34:33Z"}}, {"type": "Feature", "geometry": {"type": "LineString", "coordinates": [[75.8539987, 22.7159384], [75.8537204, 22.7159713], [75.8537394, 22.7161504]]}, "properties": {"highway": "residential", "source_id": "way/369676952", "edited_at": "2015-09-08T13:01:01Z"}}, {"type": "Feature", "geometry": {"type": "LineString", "coordinates": [[75.8549209, 22.7188409], [75.8549221, 22.7189899], [75.8549268, 22.7193563], [75.8549306, 22.7195655]]}, "properties": {"highway": "residential", "source_id": "way/369676953", "edited_at": "2015-09-08T13:01:01Z"}}, {"type": "Feature", "geometry": {"type": "LineString", "coordinates": [[75.852189, 22.7197964], [75.8520527, 22.7198059], [75.8518447, 22.7198151], [75.8516285, 22.7198198]]}, "properties": {"highway": "residential", "source_id": "way/369676955", "edited_at": "2015-09-08T13:01:01Z"}}, {"type": "Feature", "geometry": {"type": "LineString", "coordinates": [[75.851159, 22.7180323], [75.8511287, 22.7179376], [75.8510792, 22.7178883], [75.8510559, 22.7178084], [75.851043, 22.7175983], [75.851037, 22.717218], [75.8510191, 22.7166664], [75.8510156, 22.7164317], [75.8510206, 22.7163864], [75.8510224, 22.7163552], [75.851015, 22.715767], [75.8510136, 22.7157215]]}, "properties": {"highway": "residential", "name": "Bohara Bazar", "source_id": "way/369676961", "edited_at": "2021-03-02T06:27:07Z"}}, {"type": "Feature", "geometry": {"type": "LineString", "coordinates": [[75.8523801, 22.7203413], [75.8526816, 22.7203172], [75.8530006, 22.7202604], [75.8531665, 22.7202198], [75.853621, 22.7201254], [75.8541567, 22.7199814], [75.8542055, 22.7199781], [75.8542777, 22.7199556], [75.8545804, 22.7199469], [75.8547878, 22.7199506], [75.8549508, 22.7199384], [75.8551462, 22.71997], [75.855238, 22.7199847]]}, "properties": {"highway": "residential", "source_id": "way/369676963", "edited_at": "2015-09-10T11:30:34Z"}}, {"type": "Feature", "geometry": {"type": "LineString", "coordinates": [[75.8497688, 22.718045], [75.8504717, 22.7180228], [75.8506079, 22.718024], [75.8506895, 22.7180247], [75.850767, 22.7180253], [75.851159, 22.7180323]]}, "properties": {"highway": "residential", "source_id": "way/369676964", "edited_at": "2015-09-08T13:01:02Z"}}, {"type": "Feature", "geometry": {"type": "LineString", "coordinates": [[75.8535141, 22.7169056], [75.8536474, 22.7169], [75.8538975, 22.7168784], [75.8539702, 22.7168716], [75.8540151, 22.7168913], [75.8541419, 22.7169271], [75.8542161, 22.7169441], [75.8543262, 22.7169722], [75.854404, 22.7169879], [75.8544413, 22.7170158]]}, "properties": {"highway": "residential", "source_id": "way/369676965", "edited_at": "2015-09-10T11:30:32Z"}}, {"type": "Feature", "geometry": {"type": "LineString", "coordinates": [[75.8541335, 22.719573], [75.8542677, 22.7195779], [75.8544609, 22.7195705], [75.8549306, 22.7195655], [75.8553439, 22.7195655]]}, "properties": {"highway": "residential", "source_id": "way/369676966", "edited_at": "2015-09-10T11:30:39Z"}}, {"type": "Feature", "geometry": {"type": "LineString", "coordinates": [[75.8503921, 22.7175841], [75.8502512, 22.7175714], [75.8501557, 22.7175565], [75.8501003, 22.7175441], [75.8500683, 22.7175275], [75.8500347, 22.7175064], [75.8499676, 22.7174978], [75.849916, 22.7175139], [75.8498495, 22.71752], [75.8496791, 22.7175248]]}, "properties": {"highway": "residential", "source_id": "way/369676968", "edited_at": "2025-06-27T02:59:42Z"}}, {"type": "Feature", "geometry": {"type": "LineString", "coordinates": [[75.8523965, 22.7175803], [75.8521402, 22.7175734], [75.8520453, 22.7175734], [75.8518005, 22.7175681], [75.8516642, 22.7175718]]}, "properties": {"highway": "residential", "source_id": "way/369676969", "edited_at": "2015-09-10T12:25:03Z"}}, {"type": "Feature", "geometry": {"type": "LineString", "coordinates": [[75.852151, 22.7201253], [75.8521053, 22.7201266], [75.852061, 22.7201477], [75.8520297, 22.7201882], [75.8520047, 22.7202182], [75.8519859, 22.7202987], [75.8518835, 22.7207594], [75.8518451, 22.7209668], [75.8518354, 22.7210096], [75.8518094, 22.7211139], [75.8517973, 22.7212229], [75.8517721, 22.7214498], [75.8517937, 22.721651], [75.8517968, 22.7216647], [75.8517635, 22.7219618], [75.8515982, 22.7223336]]}, "properties": {"highway": "residential", "source_id": "way/369676971", "edited_at": "2025-06-27T09:32:27Z"}}, {"type": "Feature", "geometry": {"type": "LineString", "coordinates": [[75.8516464, 22.7162607], [75.8516515, 22.7161031]]}, "properties": {"highway": "residential", "source_id": "way/369676972", "edited_at": "2015-09-10T12:24:57Z"}}, {"type": "Feature", "geometry": {"type": "LineString", "coordinates": [[75.8496305, 22.7163863], [75.8498885, 22.7163765], [75.85015, 22.7163684], [75.850406, 22.7163685], [75.8504992, 22.7163687], [75.8507116, 22.7163656], [75.8510224, 22.7163552]]}, "properties": {"highway": "residential", "name": "Santha Bazar", "source_id": "way/369676973", "edited_at": "2018-02-18T08:20:43Z"}}, {"type": "Feature", "geometry": {"type": "LineString", "coordinates": [[75.8530058, 22.7163318], [75.8528897, 22.7163283], [75.8527057, 22.716329], [75.8526571, 22.7163285], [75.8523199, 22.7163244], [75.8521296, 22.7163181], [75.8520973, 22.716284], [75.8520216, 22.716269], [75.8516464, 22.7162607], [75.8515491, 22.7162515], [75.8513513, 22.7162464]]}, "properties": {"highway": "residential", "source_id": "way/369676974", "edited_at": "2019-07-13T04:06:24Z"}}, {"type": "Feature", "geometry": {"type": "LineString", "coordinates": [[75.8540714, 22.7118105], [75.8541044, 22.7118918], [75.8541322, 22.7119385], [75.8541632, 22.7119881], [75.854212, 22.7120216], [75.8542772, 22.7120578], [75.854352, 22.7120943], [75.8544379, 22.7121048], [75.8544691, 22.7121777], [75.854511, 22.7122753]]}, "properties": {"highway": "residential", "source_id": "way/369681877", "edited_at": "2015-09-08T13:21:14Z"}}, {"type": "Feature", "geometry": {"type": "LineString", "coordinates": [[75.8523987, 22.7143925], [75.8523166, 22.714401], [75.8521946, 22.7143993], [75.8520617, 22.7143954], [75.8518383, 22.7143781], [75.8517779, 22.7143682], [75.8517377, 22.7143558], [75.8516881, 22.7143212], [75.8516479, 22.7142964], [75.8515969, 22.7142841], [75.8514588, 22.7142643]]}, "properties": {"highway": "residential", "source_id": "way/369681878", "edited_at": "2015-09-08T13:21:14Z"}}, {"type": "Feature", "geometry": {"type": "LineString", "coordinates": [[75.8513126, 22.7119672], [75.851198, 22.7119463], [75.8510326, 22.711942], [75.8509616, 22.7119463], [75.8509121, 22.7120375], [75.8507375, 22.7120575], [75.850603, 22.7120674], [75.8502151, 22.7120845], [75.8499122, 22.7120945], [75.8496356, 22.7121102], [75.8494872, 22.7121223]]}, "properties": {"highway": "residential", "source_id": "way/369681880", "edited_at": "2015-09-08T13:21:14Z"}}, {"type": "Feature", "geometry": {"type": "LineString", "coordinates": [[75.8543327, 22.7110985], [75.854428, 22.7110874], [75.8544977, 22.7110886], [75.8545996, 22.7110849], [75.8546653, 22.7110874], [75.8547606, 22.7110911]]}, "properties": {"highway": "path", "source_id": "way/369681881", "edited_at": "2021-03-01T04:27:53Z"}}, {"type": "Feature", "geometry": {"type": "LineString", "coordinates": [[75.8546563, 22.7141337], [75.8546154, 22.7141163], [75.8545395, 22.7141437], [75.8544928, 22.7141848], [75.8544099, 22.7142374], [75.8543038, 22.7142707], [75.8541584, 22.7142861], [75.8539816, 22.7142937], [75.8538267, 22.7142898], [75.8536033, 22.714255], [75.8534327, 22.7142186], [75.8532705, 22.7141385], [75.853175, 22.7140862], [75.8530782, 22.714024], [75.8529857, 22.7139514], [75.8529047, 22.7138778], [75.8528557, 22.7137984], [75.8528371, 22.7137646]]}, "properties": {"highway": "residential", "source_id": "way/369681882", "edited_at": "2025-04-20T06:22:35Z"}}, {"type": "Feature", "geometry": {"type": "LineString", "coordinates": [[75.8509317, 22.7102783], [75.8507169, 22.71027], [75.8503789, 22.7102517]]}, "properties": {"highway": "residential", "source_id": "way/369681884", "edited_at": "2015-09-08T13:22:01Z"}}, {"type": "Feature", "geometry": {"type": "LineString", "coordinates": [[75.8520417, 22.7120882], [75.8521741, 22.712051]]}, "properties": {"highway": "residential", "source_id": "way/369681886", "edited_at": "2015-09-08T13:21:14Z"}}, {"type": "Feature", "geometry": {"type": "LineString", "coordinates": [[75.8548908, 22.7132871], [75.8548511, 22.7129954]]}, "properties": {"highway": "residential", "source_id": "way/369681888", "edited_at": "2015-09-08T13:21:14Z"}}, {"type": "Feature", "geometry": {"type": "LineString", "coordinates": [[75.8529993, 22.7122397], [75.8533236, 22.7123096]]}, "properties": {"highway": "residential", "source_id": "way/369681891", "edited_at": "2015-09-08T13:21:14Z"}}, {"type": "Feature", "geometry": {"type": "LineString", "coordinates": [[75.8511832, 22.7102828], [75.8514422, 22.7102721]]}, "properties": {"highway": "residential", "source_id": "way/369681892", "edited_at": "2015-09-08T13:21:14Z"}}, {"type": "Feature", "geometry": {"type": "LineString", "coordinates": [[75.8545898, 22.7117534], [75.8545224, 22.7114581], [75.8544942, 22.7113315]]}, "properties": {"highway": "residential", "source_id": "way/369681893", "edited_at": "2015-09-08T13:21:14Z"}}, {"type": "Feature", "geometry": {"type": "LineString", "coordinates": [[75.8521741, 22.712051], [75.8523781, 22.7120807], [75.8525928, 22.7121426], [75.8529993, 22.7122397]]}, "properties": {"bridge": "yes", "highway": "residential", "layer": "1", "source_id": "way/369681894", "edited_at": "2015-09-08T13:21:14Z"}}, {"type": "Feature", "geometry": {"type": "LineString", "coordinates": [[75.8539761, 22.7118406], [75.8539497, 22.7116349], [75.8539293, 22.7114884], [75.8539235, 22.7114415]]}, "properties": {"highway": "residential", "source_id": "way/369681895", "edited_at": "2015-09-08T13:21:14Z"}}, {"type": "Feature", "geometry": {"type": "LineString", "coordinates": [[75.8549058, 22.7117115], [75.8548658, 22.7115361], [75.8548377, 22.7113752], [75.8548143, 22.7112718]]}, "properties": {"highway": "residential", "source_id": "way/369681897", "edited_at": "2015-09-08T13:21:15Z"}}, {"type": "Feature", "geometry": {"type": "LineString", "coordinates": [[75.8539694, 22.7131481], [75.854005, 22.7134082], [75.8540093, 22.7137749], [75.8540253, 22.7140844]]}, "properties": {"highway": "residential", "source_id": "way/369681899", "edited_at": "2015-09-08T13:21:15Z"}}, {"type": "Feature", "geometry": {"type": "LineString", "coordinates": [[75.8498823, 22.7155449], [75.8498512, 22.7152065], [75.8501483, 22.7152234], [75.8504641, 22.7152097], [75.8506459, 22.7151896], [75.850654, 22.7156498]]}, "properties": {"highway": "residential", "source_id": "way/369681901", "edited_at": "2021-03-02T05:17:09Z"}}, {"type": "Feature", "geometry": {"type": "LineString", "coordinates": [[75.8533521, 22.7112194], [75.8533343, 22.7112626], [75.8533001, 22.7113256], [75.8532413, 22.7114656], [75.8531483, 22.7116057], [75.8531084, 22.71185], [75.8531103, 22.7119155], [75.8531284, 22.7119979], [75.8531633, 22.7120499], [75.8533204, 22.7122312]]}, "properties": {"highway": "residential", "source_id": "way/369681902", "edited_at": "2021-02-26T10:16:27Z"}}, {"type": "Feature", "geometry": {"type": "LineString", "coordinates": [[75.8515529, 22.7113071], [75.8512402, 22.7113422], [75.851216, 22.7113546], [75.8511852, 22.7113694], [75.851161, 22.7114127], [75.8511649, 22.7117759], [75.850777, 22.711796], [75.8507019, 22.7117716], [75.8506312, 22.7117467]]}, "properties": {"highway": "residential", "source_id": "way/369681903", "edited_at": "2021-02-26T04:28:10Z"}}, {"type": "Feature", "geometry": {"type": "LineString", "coordinates": [[75.8544379, 22.7121048], [75.8544994, 22.7119803], [75.8545013, 22.7119295], [75.8544975, 22.7118735], [75.8545017, 22.7118518], [75.8544977, 22.7118095], [75.8545018, 22.711788], [75.8544931, 22.7117584]]}, "properties": {"highway": "residential", "source_id": "way/369681904", "edited_at": "2015-09-08T13:21:15Z"}}, {"type": "Feature", "geometry": {"type": "LineString", "coordinates": [[75.8507426, 22.7109861], [75.8507216, 22.7106585], [75.8507169, 22.71027]]}, "properties": {"highway": "residential", "source_id": "way/369681959", "edited_at": "2015-09-08T13:22:01Z"}}, {"type": "Feature", "geometry": {"type": "LineString", "coordinates": [[75.8502063, 22.7216618], [75.8500036, 22.7216314], [75.8499767, 22.7216203], [75.849941, 22.721586], [75.8498994, 22.7215385], [75.8498415, 22.7214114], [75.8498025, 22.7213514], [75.8497375, 22.7213041], [75.8496615, 22.7212929], [75.8495179, 22.7213026], [75.8494232, 22.7213204], [75.8492125, 22.7213395], [75.8489417, 22.7213689], [75.848439, 22.7214307], [75.8480347, 22.7214885], [75.8478308, 22.7215238], [75.84777, 22.7214124], [75.8477234, 22.7213363], [75.8476769, 22.7211227], [75.8476341, 22.720898], [75.847597, 22.7204755], [75.8475622, 22.7203095], [75.8475298, 22.7198799], [75.8475223, 22.7197636], [75.8475005, 22.719646]]}, "properties": {"highway": "residential", "source_id": "way/369835569", "edited_at": "2021-03-02T05:47:45Z"}}, {"type": "Feature", "geometry": {"type": "LineString", "coordinates": [[75.8484925, 22.7219394], [75.8492481, 22.7218261], [75.8494142, 22.7218189], [75.8496308, 22.7218114], [75.8498574, 22.721791], [75.850195, 22.7217108]]}, "properties": {"highway": "residential", "source_id": "way/369835618", "edited_at": "2021-02-26T11:23:50Z"}}, {"type": "Feature", "geometry": {"type": "LineString", "coordinates": [[75.84178, 22.7204607], [75.8419106, 22.7203981], [75.8420366, 22.7203476], [75.8421207, 22.7203292], [75.8423499, 22.7202819], [75.8428468, 22.7201662], [75.8429789, 22.7201354], [75.8436809, 22.7199213], [75.8437503, 22.7199051], [75.8440394, 22.7199023], [75.8444241, 22.7198886], [75.8446665, 22.7198783], [75.8449905, 22.7198585], [75.845393, 22.7198119], [75.8459344, 22.7197111], [75.8461365, 22.7196902], [75.8463792, 22.7196518], [75.8465081, 22.7196309], [75.8467343, 22.7196276], [75.8468765, 22.7196375], [75.8470551, 22.7196416], [75.8472905, 22.7196384], [75.8475005, 22.719646], [75.8477247, 22.719608], [75.8479472, 22.7195654], [75.8482114, 22.7195035], [75.8483279, 22.7194885], [75.8489787, 22.7193789], [75.8494638, 22.7193337], [75.8496254, 22.7193046], [75.8500693, 22.719226], [75.8505924, 22.7191673], [75.8508491, 22.7191363], [75.8510731, 22.71913], [75.8517821, 22.7191047], [75.8521384, 22.7190985], [75.8530783, 22.7189619], [75.8536022, 22.7189153], [75.8536977, 22.7189056], [75.8540691, 22.7188681], [75.8541544, 22.7188673], [75.8549209, 22.7188409], [75.8553232, 22.7188199], [75.855415, 22.718813]]}, "properties": {"highway": "secondary", "name": "M.G.ROAD", "source_id": "way/369838820", "edited_at": "2024-03-20T09:19:24Z"}}, {"type": "Feature", "geometry": {"type": "LineString", "coordinates": [[75.8511287, 22.7179376], [75.8513458, 22.7178984], [75.8520809, 22.7179456], [75.8527164, 22.7179698], [75.8535547, 22.7180234], [75.8538547, 22.7180426], [75.8540906, 22.7180599], [75.8542752, 22.7180734], [75.8551934, 22.7180706], [75.8553029, 22.7181106], [75.8554029, 22.7182093]]}, "properties": {"highway": "residential", "name": "Sarafa Street", "source_id": "way/369999762", "edited_at": "2018-02-18T08:14:29Z"}}, {"type": "Feature", "geometry": {"type": "LineString", "coordinates": [[75.8510731, 22.71913], [75.851159, 22.7180323]]}, "properties": {"highway": "residential", "name": "Shakkar Bazar", "source_id": "way/369999763", "edited_at": "2018-02-18T08:05:22Z"}}, {"type": "Feature", "geometry": {"type": "LineString", "coordinates": [[75.8540151, 22.7168913], [75.8540246, 22.7168368], [75.8540193, 22.7167421], [75.854032, 22.7166645], [75.8540337, 22.7165889], [75.8540289, 22.7163625], [75.8540263, 22.7162789], [75.854023, 22.7162544], [75.8540169, 22.716208]]}, "properties": {"highway": "residential", "source_id": "way/369999769", "edited_at": "2021-02-26T12:34:33Z"}}, {"type": "Feature", "geometry": {"type": "LineString", "coordinates": [[75.8546216, 22.7162964], [75.8546257, 22.7163428], [75.8546448, 22.7165615], [75.8546448, 22.7167818]]}, "properties": {"highway": "residential", "source_id": "way/369999770", "edited_at": "2021-02-26T12:34:33Z"}}, {"type": "Feature", "geometry": {"type": "LineString", "coordinates": [[75.850064, 22.7264417], [75.8501096, 22.7264157], [75.8501284, 22.7263674], [75.850127, 22.7263217], [75.8501153, 22.7260933], [75.8500922, 22.7257118], [75.8500884, 22.7254454], [75.8501056, 22.7254273], [75.8501337, 22.7253989], [75.8502263, 22.7253655], [75.8502692, 22.7253333], [75.8502987, 22.7252778], [75.8503008, 22.7252346], [75.8502677, 22.7248719], [75.8502636, 22.7245749], [75.8502544, 22.7243697], [75.8502263, 22.7241529], [75.8501572, 22.723834], [75.8501365, 22.7237575], [75.8501204, 22.7236988], [75.8500947, 22.72357], [75.8500426, 22.7233949], [75.8500105, 22.7233011], [75.8499786, 22.7231909], [75.8499448, 22.7230728], [75.8499072, 22.7229483], [75.8498716, 22.7228567], [75.8498413, 22.7227708], [75.849811, 22.7226849], [75.8497462, 22.7225018]]}, "properties": {"highway": "residential", "source_id": "way/369999771", "edited_at": "2021-03-02T06:04:07Z"}}, {"type": "Feature", "geometry": {"type": "LineString", "coordinates": [[75.8571019, 22.7215628], [75.8571133, 22.7217273], [75.857116, 22.7217658], [75.8571245, 22.7218636], [75.8570686, 22.7218611], [75.8570369, 22.7218627], [75.8568782, 22.721861]]}, "properties": {"highway": "residential", "source_id": "way/369999806", "edited_at": "2021-02-26T08:26:54Z"}}, {"type": "Feature", "geometry": {"type": "LineString", "coordinates": [[75.8553363, 22.7243278], [75.8555403, 22.7243367], [75.8557344, 22.7243487], [75.8557979, 22.7243524], [75.8559729, 22.7243658], [75.8562131, 22.7243779], [75.8563785, 22.7243888], [75.8564356, 22.7243952], [75.8564955, 22.7243975], [75.8565265, 22.7243858], [75.8565415, 22.7243064], [75.8565314, 22.7241958]]}, "properties": {"highway": "residential", "source_id": "way/369999811", "edited_at": "2025-06-27T04:58:04Z"}}, {"type": "Feature", "geometry": {"type": "LineString", "coordinates": [[75.8571598, 22.7221664], [75.8570003, 22.7221455]]}, "properties": {"highway": "residential", "source_id": "way/369999828", "edited_at": "2021-02-26T11:23:50Z"}}, {"type": "Feature", "geometry": {"type": "LineString", "coordinates": [[75.8553426, 22.7197851], [75.8553439, 22.7195655], [75.8553232, 22.7188199]]}, "properties": {"highway": "residential", "source_id": "way/369999844", "edited_at": "2015-09-10T11:30:28Z"}}, {"type": "Feature", "geometry": {"type": "LineString", "coordinates": [[75.8508172, 22.7226899], [75.8506228, 22.7227005], [75.8505984, 22.7227107], [75.8505818, 22.7227301], [75.8505768, 22.7227678], [75.8505819, 22.7228223], [75.850588, 22.7230008], [75.8505938, 22.7232428]]}, "properties": {"highway": "residential", "source_id": "way/369999848", "edited_at": "2021-02-26T11:23:50Z"}}, {"type": "Feature", "geometry": {"type": "LineString", "coordinates": [[75.8564602, 22.72354], [75.8564676, 22.7233374], [75.8564829, 22.7228218]]}, "properties": {"highway": "residential", "source_id": "way/369999849", "edited_at": "2015-09-10T11:30:28Z"}}, {"type": "Feature", "geometry": {"type": "LineString", "coordinates": [[75.8508502, 22.7196877], [75.8505597, 22.7196809]]}, "properties": {"highway": "residential", "source_id": "way/369999865", "edited_at": "2019-10-31T10:52:44Z"}}, {"type": "Feature", "geometry": {"type": "LineString", "coordinates": [[75.852423, 22.721022], [75.8523988, 22.7208487], [75.852376, 22.7207443], [75.8523725, 22.7203675], [75.8523801, 22.7203413]]}, "properties": {"highway": "residential", "source_id": "way/369999867", "edited_at": "2015-09-10T11:30:29Z"}}, {"type": "Feature", "geometry": {"type": "LineString", "coordinates": [[75.8508353, 22.7208596], [75.8507865, 22.7207027], [75.8507664, 22.7205047], [75.850765, 22.7203066], [75.8507852, 22.7200838], [75.8508429, 22.7197979], [75.8508334, 22.719767], [75.8508502, 22.7196877], [75.850854, 22.7195955], [75.8508717, 22.7194352], [75.8508543, 22.7192391], [75.8508491, 22.7191363]]}, "properties": {"highway": "residential", "name": "Ahilyapur Road", "source_id": "way/369999877", "edited_at": "2019-07-13T00:13:35Z"}}, {"type": "Feature", "geometry": {"type": "LineString", "coordinates": [[75.8555245, 22.7214704], [75.8555264, 22.721527], [75.8555256, 22.7216212], [75.8555267, 22.7216761], [75.8555351, 22.7217511], [75.855543, 22.7218058], [75.8555451, 22.7218928]]}, "properties": {"highway": "residential", "source_id": "way/369999882", "edited_at": "2021-02-26T08:26:54Z"}}, {"type": "Feature", "geometry": {"type": "LineString", "coordinates": [[75.8521384, 22.7190985], [75.8521313, 22.718631], [75.8521071, 22.7184478], [75.8520872, 22.7183081], [75.8520803, 22.7182596], [75.8520809, 22.7179456]]}, "properties": {"highway": "residential", "source_id": "way/369999883", "edited_at": "2015-09-10T11:30:29Z"}}, {"type": "Feature", "geometry": {"type": "LineString", "coordinates": [[75.8557852, 22.720029], [75.8558023, 22.7201721], [75.8558161, 22.7202281], [75.8558424, 22.7202813], [75.8558622, 22.7203206], [75.8559132, 22.720384], [75.8559399, 22.7204385], [75.8559448, 22.7205056], [75.85593, 22.7208084], [75.8559054, 22.7212537]]}, "properties": {"highway": "residential", "source_id": "way/369999889", "edited_at": "2021-02-26T08:46:35Z"}}, {"type": "Feature", "geometry": {"type": "LineString", "coordinates": [[75.8556522, 22.7219202], [75.8556081, 22.7219036], [75.8555798, 22.7218974], [75.8555451, 22.7218928], [75.8554319, 22.7218923], [75.8553685, 22.7218519], [75.8553354, 22.7218291], [75.8553111, 22.7218015], [75.8552987, 22.7217277], [75.8552809, 22.7215122], [75.8552927, 22.7214925], [75.8553222, 22.7214861], [75.85538, 22.721479], [75.8555245, 22.7214704], [75.8555867, 22.7214704], [75.8556659, 22.7214733], [75.8557689, 22.7214769], [75.8558422, 22.7214805]]}, "properties": {"highway": "residential", "source_id": "way/369999893", "edited_at": "2021-02-26T08:26:54Z"}}, {"type": "Feature", "geometry": {"type": "LineString", "coordinates": [[75.8502063, 22.7216618], [75.850195, 22.7217108], [75.8501644, 22.7218225], [75.8501163, 22.7221691], [75.8500974, 22.722218], [75.8500761, 22.7222705], [75.8500615, 22.7223257]]}, "properties": {"highway": "residential", "source_id": "way/369999895", "edited_at": "2026-09-09T12:05:37Z"}}, {"type": "Feature", "geometry": {"type": "LineString", "coordinates": [[75.8580624, 22.723012], [75.858101, 22.7227081], [75.8580993, 22.7224651], [75.858088, 22.7223558], [75.8580432, 22.7221265], [75.8579866, 22.7218573], [75.8579755, 22.7218418], [75.8579622, 22.7218263], [75.8579454, 22.7218088], [75.8579241, 22.7218021], [75.8578804, 22.7217895], [75.8576152, 22.7217672]]}, "properties": {"highway": "residential", "source_id": "way/369999905", "edited_at": "2021-02-26T08:26:54Z"}}, {"type": "Feature", "geometry": {"type": "LineString", "coordinates": [[75.8544584, 22.7218366], [75.8545874, 22.7218731], [75.8548174, 22.7219256], [75.8548797, 22.7219317], [75.8549625, 22.7219441], [75.8549993, 22.7219581], [75.8551241, 22.721994], [75.855231, 22.7220967], [75.8552653, 22.7221754], [75.8552729, 22.7222852], [75.8552769, 22.7226223]]}, "properties": {"highway": "residential", "source_id": "way/370006687", "edited_at": "2025-06-27T04:35:35Z"}}, {"type": "Feature", "geometry": {"type": "LineString", "coordinates": [[75.8546448, 22.7167818], [75.854567, 22.7168387], [75.8544838, 22.7169675], [75.8544413, 22.7170158], [75.8543893, 22.717075], [75.8543576, 22.7171111], [75.8542557, 22.7172249], [75.8541671, 22.7173685], [75.8541322, 22.7175022], [75.8541134, 22.7176681], [75.8541, 22.717881], [75.8540906, 22.7180248], [75.8540906, 22.7180599], [75.8540785, 22.7182771], [75.8540705, 22.7184578], [75.8540691, 22.7188681]]}, "properties": {"highway": "residential", "source_id": "way/370006696", "edited_at": "2018-02-17T13:38:51Z"}}, {"type": "Feature", "geometry": {"type": "LineString", "coordinates": [[75.8519157, 22.7153243], [75.8516716, 22.7153001], [75.8517095, 22.7155298], [75.8517176, 22.7155657], [75.851735, 22.7155892], [75.8517632, 22.7156016], [75.8519616, 22.7156009]]}, "properties": {"highway": "residential", "source_id": "way/370006718", "edited_at": "2021-03-01T05:13:04Z"}}, {"type": "Feature", "geometry": {"type": "LineString", "coordinates": [[75.8529876, 22.7157831], [75.8527914, 22.7157556], [75.8525839, 22.7157389], [75.8525491, 22.7157401], [75.8525223, 22.7157587], [75.8525142, 22.7157908], [75.8525106, 22.7159652]]}, "properties": {"highway": "residential", "source_id": "way/370006722", "edited_at": "2021-03-02T05:17:09Z"}}, {"type": "Feature", "geometry": {"type": "LineString", "coordinates": [[75.8526987, 22.7162104], [75.8527057, 22.716329]]}, "properties": {"highway": "residential", "source_id": "way/370006727", "edited_at": "2015-09-10T12:24:45Z"}}, {"type": "Feature", "geometry": {"type": "LineString", "coordinates": [[75.8513051, 22.7241477], [75.8511717, 22.7241229], [75.8511404, 22.7241261], [75.8511264, 22.7241388], [75.8511093, 22.7241929], [75.8510733, 22.7243776], [75.8510448, 22.7245427], [75.8510319, 22.7246132], [75.8510075, 22.7247363], [75.8509639, 22.7248561], [75.8508646, 22.7250847], [75.8508553, 22.7251082], [75.8508512, 22.7251366], [75.850862, 22.7251589], [75.8508794, 22.7251737], [75.8511099, 22.7252347]]}, "properties": {"highway": "residential", "source_id": "way/370006731", "edited_at": "2025-06-26T05:30:00Z"}}, {"type": "Feature", "geometry": {"type": "LineString", "coordinates": [[75.8523965, 22.7175803], [75.8530126, 22.7176282], [75.8530493, 22.7176229], [75.8530985, 22.717591]]}, "properties": {"highway": "residential", "source_id": "way/370006749", "edited_at": "2021-03-02T06:27:07Z"}}, {"type": "Feature", "geometry": {"type": "LineString", "coordinates": [[75.8513536, 22.716367], [75.8513513, 22.7162464], [75.8513417, 22.7158096], [75.8513407, 22.7157635]]}, "properties": {"highway": "residential", "source_id": "way/370006753", "edited_at": "2021-02-26T12:34:33Z"}}, {"type": "Feature", "geometry": {"type": "LineString", "coordinates": [[75.8522735, 22.7236164], [75.8522727, 22.7233821], [75.8522723, 22.7232533]]}, "properties": {"highway": "residential", "source_id": "way/370006763", "edited_at": "2021-02-26T08:26:54Z"}}, {"type": "Feature", "geometry": {"type": "LineString", "coordinates": [[75.8517002, 22.7170217], [75.8519438, 22.7170099], [75.8523545, 22.7170049], [75.8525813, 22.716971], [75.8527315, 22.7169636], [75.8528414, 22.7169661], [75.853046, 22.7169528]]}, "properties": {"highway": "residential", "source_id": "way/370006767", "edited_at": "2021-03-02T06:27:07Z"}}, {"type": "Feature", "geometry": {"type": "LineString", "coordinates": [[75.8523545, 22.7170049], [75.8523786, 22.7173268], [75.8523965, 22.7175803]]}, "properties": {"highway": "residential", "source_id": "way/370006771", "edited_at": "2015-09-11T07:41:36Z"}}, {"type": "Feature", "geometry": {"type": "LineString", "coordinates": [[75.8540691, 22.7188681], [75.8541, 22.7192178], [75.8541335, 22.719573], [75.8541489, 22.7196598], [75.8542055, 22.7199781]]}, "properties": {"highway": "residential", "source_id": "way/370006773", "edited_at": "2019-11-22T00:33:13Z"}}, {"type": "Feature", "geometry": {"type": "LineString", "coordinates": [[75.8549105, 22.7171475], [75.8548947, 22.7176126]]}, "properties": {"highway": "residential", "source_id": "way/370006783", "edited_at": "2019-07-13T00:42:44Z"}}, {"type": "Feature", "geometry": {"type": "LineString", "coordinates": [[75.8516642, 22.7175718], [75.851706, 22.7172248], [75.8517002, 22.7170217], [75.8516935, 22.7166656], [75.8516947, 22.7166485]]}, "properties": {"highway": "residential", "source_id": "way/370006786", "edited_at": "2019-07-13T04:06:24Z"}}, {"type": "Feature", "geometry": {"type": "LineString", "coordinates": [[75.8504486, 22.7173356], [75.8504303, 22.7173752], [75.8504237, 22.7174041], [75.8503921, 22.7175841], [75.8504015, 22.7175909], [75.850422, 22.7176026]]}, "properties": {"highway": "residential", "source_id": "way/370006790", "edited_at": "2025-06-27T02:59:42Z"}}, {"type": "Feature", "geometry": {"type": "LineString", "coordinates": [[75.8499575, 22.7160531], [75.850204, 22.7160599], [75.8505092, 22.7160424], [75.8506852, 22.716049]]}, "properties": {"highway": "residential", "source_id": "way/370006793", "edited_at": "2015-09-10T12:24:49Z"}}, {"type": "Feature", "geometry": {"type": "LineString", "coordinates": [[75.850422, 22.7176026], [75.850526, 22.7176115], [75.8506267, 22.7176277], [75.8507031, 22.7176341]]}, "properties": {"highway": "residential", "source_id": "way/370006795", "edited_at": "2015-09-10T12:24:49Z"}}, {"type": "Feature", "geometry": {"type": "LineString", "coordinates": [[75.8526927, 22.7186873], [75.8526872, 22.7183803], [75.8526886, 22.7183005], [75.8526926, 22.7182841], [75.852704, 22.7182736], [75.8527241, 22.718269], [75.8529662, 22.7182674], [75.8530748, 22.7182588], [75.8532558, 22.7182514], [75.8535482, 22.7182452]]}, "properties": {"highway": "residential", "source_id": "way/370006821", "edited_at": "2021-02-26T11:23:50Z"}}, {"type": "Feature", "geometry": {"type": "LineString", "coordinates": [[75.8530985, 22.717591], [75.8531096, 22.7175445], [75.8530827, 22.7171538], [75.853069, 22.7170427], [75.853046, 22.7169528], [75.8530311, 22.7168944], [75.8530144, 22.7166988]]}, "properties": {"highway": "residential", "source_id": "way/370006828", "edited_at": "2021-03-02T06:27:07Z"}}, {"type": "Feature", "geometry": {"type": "LineString", "coordinates": [[75.8548947, 22.7176126], [75.8550877, 22.7176094], [75.8551409, 22.7176247], [75.855191, 22.7176586], [75.8552958, 22.717657], [75.8554104, 22.7176452], [75.855566, 22.7176339]]}, "properties": {"highway": "residential", "source_id": "way/370006829", "edited_at": "2015-09-10T12:24:51Z"}}, {"type": "Feature", "geometry": {"type": "LineString", "coordinates": [[75.8502063, 22.7216618], [75.8502041, 22.7214279], [75.8501868, 22.7211948], [75.8501587, 22.7209896], [75.8501542, 22.7209554], [75.8501479, 22.7208243], [75.8501415, 22.720651], [75.850123, 22.7205071], [75.8501199, 22.7204438], [75.8501005, 22.7202115], [75.8500758, 22.7199822], [75.850072, 22.7196793], [75.8500693, 22.719226]]}, "properties": {"highway": "residential", "source_id": "way/370008832", "edited_at": "2019-10-31T10:52:44Z"}}, {"type": "Feature", "geometry": {"type": "LineString", "coordinates": [[75.8478795, 22.7222344], [75.8485235, 22.7222008], [75.8488299, 22.7221688], [75.8489696, 22.7221508], [75.8492822, 22.7221146], [75.849714, 22.7220491], [75.8497381, 22.7220491], [75.8497609, 22.7220651], [75.8497851, 22.7221332], [75.8498012, 22.7221691], [75.8498333, 22.7221963], [75.8498709, 22.7222037], [75.8500761, 22.7222705]]}, "properties": {"highway": "residential", "source_id": "way/370008834", "edited_at": "2021-03-02T06:04:07Z"}}, {"type": "Feature", "geometry": {"type": "LineString", "coordinates": [[75.8516697, 22.7201794], [75.8516383, 22.7199133], [75.8516285, 22.7198198], [75.8516275, 22.7198032], [75.8515994, 22.719633]]}, "properties": {"highway": "residential", "source_id": "way/370008849", "edited_at": "2021-02-26T11:23:50Z"}}, {"type": "Feature", "geometry": {"type": "LineString", "coordinates": [[75.8540169, 22.716208], [75.8539987, 22.7159384], [75.8538873, 22.7155102], [75.8537798, 22.715425], [75.8536519, 22.7153469], [75.8535992, 22.7152567], [75.8535766, 22.7151387], [75.8535638, 22.7148934]]}, "properties": {"highway": "residential", "source_id": "way/370008863", "edited_at": "2015-09-10T12:33:09Z"}}, {"type": "Feature", "geometry": {"type": "LineString", "coordinates": [[75.858012, 22.7244979], [75.8579967, 22.7246997], [75.8580117, 22.7248662], [75.8581095, 22.7251195], [75.8581817, 22.7252814], [75.8581924, 22.7253247], [75.8581924, 22.7253556], [75.858179, 22.7253778], [75.8581495, 22.7253915], [75.858116, 22.7253915], [75.8579274, 22.7253927], [75.8575946, 22.7254026], [75.8570834, 22.7254223]]}, "properties": {"highway": "residential", "source_id": "way/370134393", "edited_at": "2021-02-26T08:26:54Z"}}, {"type": "Feature", "geometry": {"type": "LineString", "coordinates": [[75.8576271, 22.7216096], [75.8574234, 22.7215932], [75.8572866, 22.7215746], [75.8571019, 22.7215628], [75.8570274, 22.7215571], [75.8568581, 22.7215488], [75.8567982, 22.7215206], [75.8567592, 22.7215136]]}, "properties": {"highway": "residential", "source_id": "way/370134394", "edited_at": "2021-02-26T08:26:54Z"}}, {"type": "Feature", "geometry": {"type": "LineString", "coordinates": [[75.8508429, 22.7197979], [75.8509032, 22.7197862], [75.8509629, 22.7197163], [75.851018, 22.7195845], [75.8510602, 22.7194284], [75.8510656, 22.7192811], [75.8510731, 22.71913]]}, "properties": {"highway": "residential", "name": "Ahilypura Road", "source_id": "way/370143908", "edited_at": "2018-02-18T08:30:16Z"}}, {"type": "Feature", "geometry": {"type": "LineString", "coordinates": [[75.8537384, 22.7112484], [75.8536542, 22.7113006], [75.8535618, 22.7113214], [75.8534648, 22.7113044], [75.853401, 22.7112668], [75.8533521, 22.7112194]]}, "properties": {"highway": "residential", "source_id": "way/370144579", "edited_at": "2019-07-13T12:43:52Z"}}, {"type": "Feature", "geometry": {"type": "LineString", "coordinates": [[75.8548303, 22.7108189], [75.8548155, 22.7107954], [75.8547834, 22.7107831], [75.8547539, 22.7107769], [75.8545902, 22.7107892], [75.8545688, 22.7107793], [75.8545527, 22.7107657], [75.8545433, 22.7107336], [75.8545425, 22.7106297], [75.8545467, 22.7105063]]}, "properties": {"highway": "residential", "source_id": "way/370144581", "edited_at": "2021-03-01T04:27:53Z"}}, {"type": "Feature", "geometry": {"type": "LineString", "coordinates": [[75.8639317, 22.7234297], [75.8639183, 22.7230874], [75.8638909, 22.7227473], [75.8639343, 22.7225873], [75.8639331, 22.7224847], [75.8639172, 22.7222844], [75.8639154, 22.7220672], [75.8639173, 22.7220133], [75.8638977, 22.7219326]]}, "properties": {"highway": "residential", "source_id": "way/385835947", "edited_at": "2021-02-19T05:39:06Z"}}, {"type": "Feature", "geometry": {"type": "LineString", "coordinates": [[75.8603001, 22.7148962], [75.8602857, 22.7152], [75.8602902, 22.7152464], [75.8603168, 22.7152737], [75.8603597, 22.7152836], [75.8609122, 22.7152564], [75.8610463, 22.7152539], [75.8611187, 22.7152688], [75.8612005, 22.7152923]]}, "properties": {"highway": "residential", "source_id": "way/386904983", "edited_at": "2021-03-02T06:27:07Z"}}, {"type": "Feature", "geometry": {"type": "LineString", "coordinates": [[75.863481, 22.7129038], [75.8635394, 22.7127946], [75.863634, 22.712595], [75.863634, 22.7125432]]}, "properties": {"highway": "residential", "source_id": "way/386904986", "edited_at": "2019-07-15T19:02:13Z"}}, {"type": "Feature", "geometry": {"type": "LineString", "coordinates": [[75.8601309, 22.7148974], [75.8603001, 22.7148962], [75.8603696, 22.7148965], [75.8605945, 22.7148988]]}, "properties": {"highway": "residential", "source_id": "way/386904988", "edited_at": "2018-12-12T07:00:49Z"}}, {"type": "Feature", "geometry": {"type": "LineString", "coordinates": [[75.8635134, 22.7217415], [75.8632617, 22.7206727], [75.8632216, 22.7204738], [75.8631912, 22.7202969], [75.8631612, 22.7201024], [75.8631357, 22.719893]]}, "properties": {"highway": "residential", "source_id": "way/386904990", "edited_at": "2025-06-14T11:44:06Z"}}, {"type": "Feature", "geometry": {"type": "LineString", "coordinates": [[75.8535143, 22.7166878], [75.8530144, 22.7166988], [75.8527108, 22.7166777], [75.8516947, 22.7166485], [75.8515307, 22.7166576], [75.8513218, 22.7166487]]}, "properties": {"highway": "residential", "name": "Bartan Bazar", "source_id": "way/562152682", "edited_at": "2019-07-13T04:06:24Z"}}, {"type": "Feature", "geometry": {"type": "LineString", "coordinates": [[75.8496623, 22.7166711], [75.8504261, 22.7166849], [75.8505113, 22.7166928], [75.8510191, 22.7166664]]}, "properties": {"highway": "residential", "name": "Marothiya Bazar", "source_id": "way/562153440", "edited_at": "2019-07-13T04:06:24Z"}}, {"type": "Feature", "geometry": {"type": "LineString", "coordinates": [[75.8543431, 22.7097116], [75.8543408, 22.7109031], [75.8543327, 22.7110985]]}, "properties": {"highway": "residential", "source_id": "way/700051247", "edited_at": "2021-03-01T04:27:53Z"}}, {"type": "Feature", "geometry": {"type": "LineString", "coordinates": [[75.8563873, 22.7111894], [75.8563352, 22.7106208]]}, "properties": {"highway": "residential", "source_id": "way/701522944", "edited_at": "2019-07-04T07:55:52Z"}}, {"type": "Feature", "geometry": {"type": "LineString", "coordinates": [[75.8641494, 22.7182832], [75.8640236, 22.7183961], [75.8639766, 22.7184753], [75.8639418, 22.7185965], [75.863868, 22.7187115], [75.8638013, 22.7187835]]}, "properties": {"highway": "residential", "source_id": "way/701741794", "edited_at": "2019-07-05T05:17:49Z"}}, {"type": "Feature", "geometry": {"type": "LineString", "coordinates": [[75.864176, 22.7180722], [75.863471, 22.717853], [75.8634134, 22.7178246], [75.8634067, 22.7177615], [75.8634784, 22.7175611], [75.8635046, 22.7175419], [75.8636004, 22.7175518], [75.863632, 22.717553], [75.863642, 22.7175487], [75.8637422, 22.7171772]]}, "properties": {"highway": "residential", "source_id": "way/701741795", "edited_at": "2019-07-05T05:17:49Z"}}, {"type": "Feature", "geometry": {"type": "LineString", "coordinates": [[75.8645672, 22.7184356], [75.8641845, 22.7183318], [75.8641494, 22.7182832], [75.864176, 22.7180722], [75.8641925, 22.7177157], [75.8641778, 22.7176724], [75.8640839, 22.7176304]]}, "properties": {"highway": "residential", "source_id": "way/701741796", "edited_at": "2019-07-05T05:17:49Z"}}, {"type": "Feature", "geometry": {"type": "LineString", "coordinates": [[75.8633419, 22.7094393], [75.8631566, 22.7096], [75.8629103, 22.7097753], [75.8627156, 22.7099463], [75.8626503, 22.7100118], [75.8624472, 22.7101992], [75.8624212, 22.7102232]]}, "properties": {"highway": "tertiary", "source_id": "way/701777798", "edited_at": "2022-02-20T03:12:52Z"}}, {"type": "Feature", "geometry": {"type": "LineString", "coordinates": [[75.8582446, 22.7140569], [75.8582514, 22.7145073]]}, "properties": {"highway": "residential", "source_id": "way/703955471", "edited_at": "2024-03-04T05:40:39Z"}}, {"type": "Feature", "geometry": {"type": "LineString", "coordinates": [[75.8628004, 22.7244745], [75.8631164, 22.7245142], [75.8632475, 22.724534], [75.8634405, 22.7245712]]}, "properties": {"highway": "residential", "source_id": "way/704067468", "edited_at": "2019-07-12T21:13:56Z"}}, {"type": "Feature", "geometry": {"type": "LineString", "coordinates": [[75.8521187, 22.7161407], [75.8521408, 22.7159478], [75.8521459, 22.715903]]}, "properties": {"highway": "residential", "source_id": "way/704101033", "edited_at": "2021-02-26T12:34:33Z"}}, {"type": "Feature", "geometry": {"type": "LineString", "coordinates": [[75.8516515, 22.7161031], [75.8516491, 22.715869], [75.8516486, 22.7158235]]}, "properties": {"highway": "residential", "source_id": "way/704101034", "edited_at": "2021-02-26T12:34:33Z"}}, {"type": "Feature", "geometry": {"type": "LineString", "coordinates": [[75.8516515, 22.7161031], [75.8519212, 22.7161229], [75.8521187, 22.7161407], [75.8520973, 22.716284]]}, "properties": {"highway": "residential", "source_id": "way/704101035", "edited_at": "2019-07-13T04:06:24Z"}}, {"type": "Feature", "geometry": {"type": "LineString", "coordinates": [[75.8513218, 22.7166487], [75.8510191, 22.7166664]]}, "properties": {"highway": "residential", "source_id": "way/704101134", "edited_at": "2019-07-13T04:06:24Z"}}, {"type": "Feature", "geometry": {"type": "LineString", "coordinates": [[75.8606212, 22.7248708], [75.8609233, 22.7248706]]}, "properties": {"highway": "residential", "source_id": "way/704624607", "edited_at": "2022-05-30T04:36:39Z"}}, {"type": "Feature", "geometry": {"type": "LineString", "coordinates": [[75.8562013, 22.7222396], [75.8563061, 22.7222377], [75.8563915, 22.7222353], [75.8564693, 22.7222311], [75.8565453, 22.7222095], [75.8566655, 22.7221832], [75.8567169, 22.7221753], [75.8567648, 22.7221709], [75.8568215, 22.7221724], [75.8568649, 22.7221709], [75.8570003, 22.7221455]]}, "properties": {"highway": "residential", "source_id": "way/704625031", "edited_at": "2021-02-26T11:23:50Z"}}, {"type": "Feature", "geometry": {"type": "LineString", "coordinates": [[75.8568855, 22.7233715], [75.8568925, 22.723351], [75.8568835, 22.7226379]]}, "properties": {"highway": "living_street", "source_id": "way/704625221", "edited_at": "2024-03-04T07:29:33Z"}}, {"type": "Feature", "geometry": {"type": "LineString", "coordinates": [[75.8631962, 22.7143635], [75.8632028, 22.7145872], [75.863188, 22.7146911], [75.86318, 22.714863], [75.8630526, 22.7148766], [75.8630459, 22.7150226], [75.8631934, 22.7150226], [75.863188, 22.7152144], [75.8631786, 22.7153059], [75.862964, 22.7152997], [75.8629721, 22.7154172]]}, "properties": {"highway": "residential", "source_id": "way/704636892", "edited_at": "2019-07-15T18:26:39Z"}}, {"type": "Feature", "geometry": {"type": "LineString", "coordinates": [[75.8624358, 22.7123835], [75.8619831, 22.7124117], [75.861983, 22.7126517], [75.8620067, 22.712944]]}, "properties": {"highway": "residential", "source_id": "way/704643986", "edited_at": "2019-07-15T18:56:26Z"}}, {"type": "Feature", "geometry": {"type": "LineString", "coordinates": [[75.8640113, 22.7163289], [75.8639565, 22.716496], [75.8639485, 22.7165479], [75.8639485, 22.7165912], [75.8639619, 22.7166469], [75.8640417, 22.7168025]]}, "properties": {"highway": "residential", "source_id": "way/747170187", "edited_at": "2021-03-02T05:17:09Z"}}, {"type": "Feature", "geometry": {"type": "LineString", "coordinates": [[75.8635305, 22.7121518], [75.8636112, 22.7121377], [75.8637111, 22.7121179], [75.8638566, 22.7120932], [75.8639934, 22.7120666], [75.8640915, 22.7120463]]}, "properties": {"highway": "residential", "source_id": "way/747182595", "edited_at": "2019-11-20T04:42:48Z"}}, {"type": "Feature", "geometry": {"type": "LineString", "coordinates": [[75.8634952, 22.7114288], [75.8635314, 22.7115315], [75.8635367, 22.7115996], [75.8634616, 22.7116367], [75.863444, 22.7116713], [75.8634585, 22.7117583], [75.8634866, 22.7118839], [75.8635046, 22.7119892], [75.8635173, 22.7120721], [75.8635305, 22.7121518], [75.8634317, 22.712174], [75.8633362, 22.7122014], [75.8632786, 22.7122459], [75.8632444, 22.7123455], [75.8632202, 22.7123864], [75.8631485, 22.7123987], [75.8630694, 22.7124012]]}, "properties": {"highway": "residential", "source_id": "way/747182596", "edited_at": "2025-06-19T08:06:04Z"}}, {"type": "Feature", "geometry": {"type": "LineString", "coordinates": [[75.8639033, 22.7113715], [75.8634952, 22.7114288], [75.8633536, 22.7108755]]}, "properties": {"highway": "residential", "source_id": "way/747182597", "edited_at": "2019-11-20T04:42:48Z"}}, {"type": "Feature", "geometry": {"type": "LineString", "coordinates": [[75.8634282, 22.7170358], [75.8633727, 22.7171001], [75.8629677, 22.7172024], [75.8626484, 22.7172716], [75.8623195, 22.717343], [75.8620291, 22.7174101], [75.861874, 22.717497], [75.8617431, 22.7175986], [75.8616346, 22.7176891], [75.8613278, 22.7179782], [75.8611769, 22.7181108]]}, "properties": {"highway": "tertiary", "layer": "-1", "name": "Siyaganj", "source_id": "way/747243824", "edited_at": "2025-05-24T09:26:00Z"}}, {"type": "Feature", "geometry": {"type": "LineString", "coordinates": [[75.8593628, 22.7098109], [75.8592761, 22.7100136], [75.8592385, 22.7101719], [75.8592385, 22.7103426], [75.8592514, 22.7105526], [75.8592305, 22.7106668], [75.8592224, 22.7107806], [75.8592063, 22.7109818]]}, "properties": {"highway": "residential", "source_id": "way/747481087", "edited_at": "2019-11-21T04:13:30Z"}}, {"type": "Feature", "geometry": {"type": "LineString", "coordinates": [[75.8536977, 22.7189056], [75.8537212, 22.7191705], [75.853799, 22.7195849], [75.853811, 22.7196208], [75.8538446, 22.7196554], [75.8538821, 22.7196691], [75.853921, 22.719674], [75.8541489, 22.7196598]]}, "properties": {"highway": "residential", "source_id": "way/747947069", "edited_at": "2019-11-22T00:33:13Z"}}, {"type": "Feature", "geometry": {"type": "LineString", "coordinates": [[75.8567766, 22.7173237], [75.8560344, 22.7173061]]}, "properties": {"highway": "residential", "source_id": "way/747966099", "edited_at": "2019-11-22T03:33:04Z"}}, {"type": "Feature", "geometry": {"type": "LineString", "coordinates": [[75.8565036, 22.7164477], [75.8564812, 22.7166679], [75.8568435, 22.7166874], [75.8576332, 22.7167186], [75.8576651, 22.7164972]]}, "properties": {"highway": "residential", "source_id": "way/747966100", "edited_at": "2022-02-21T05:05:38Z"}}, {"type": "Feature", "geometry": {"type": "LineString", "coordinates": [[75.8624197, 22.7227194], [75.8624634, 22.7226793], [75.86251, 22.7226559], [75.8625317, 22.7226285], [75.8625765, 22.722529], [75.8625846, 22.7224795], [75.8625822, 22.722407]]}, "properties": {"highway": "residential", "source_id": "way/747966189", "edited_at": "2019-11-22T03:35:54Z"}}, {"type": "Feature", "geometry": {"type": "LineString", "coordinates": [[75.8576468, 22.7193542], [75.8576474, 22.7191725], [75.8576361, 22.7189209]]}, "properties": {"highway": "secondary", "source_id": "way/749310530", "edited_at": "2026-04-07T11:04:06Z"}}, {"type": "Feature", "geometry": {"type": "LineString", "coordinates": [[75.8577686, 22.717668], [75.8577244, 22.7176242], [75.8576855, 22.7176031], [75.8576754, 22.7175951], [75.8576386, 22.7175815], [75.8575775, 22.7175741], [75.8575299, 22.7175735], [75.8574924, 22.7175765], [75.8574669, 22.7175685], [75.8574454, 22.7175332], [75.8573838, 22.7173842], [75.857361, 22.7173347], [75.8573288, 22.7173075], [75.8572483, 22.7172926], [75.857133, 22.7172951], [75.8570793, 22.7172753], [75.857023, 22.7172456], [75.8569801, 22.7172135], [75.8568916, 22.717206], [75.856789, 22.7172057]]}, "properties": {"highway": "residential", "source_id": "way/749326646", "edited_at": "2021-02-26T12:43:20Z"}}, {"type": "Feature", "geometry": {"type": "LineString", "coordinates": [[75.8587012, 22.7195061], [75.8587195, 22.7196282], [75.8587383, 22.7197234], [75.8587651, 22.7198076], [75.8588112, 22.7198862]]}, "properties": {"highway": "secondary_link", "source_id": "way/749671971", "edited_at": "2019-11-26T04:51:05Z"}}, {"type": "Feature", "geometry": {"type": "LineString", "coordinates": [[75.8646058, 22.7112437], [75.8648046, 22.7119529], [75.8650341, 22.713096]]}, "properties": {"highway": "residential", "source_id": "way/908592353", "edited_at": "2021-02-19T05:21:53Z"}}, {"type": "Feature", "geometry": {"type": "LineString", "coordinates": [[75.8644581, 22.7163327], [75.8651231, 22.7162016], [75.8652953, 22.7161987], [75.8657184, 22.7160909]]}, "properties": {"highway": "residential", "source_id": "way/908607031", "edited_at": "2025-06-19T14:27:22Z"}}, {"type": "Feature", "geometry": {"type": "LineString", "coordinates": [[75.8644394, 22.7250906], [75.8644688, 22.7246021], [75.8644529, 22.7239857]]}, "properties": {"highway": "residential", "source_id": "way/908607034", "edited_at": "2021-02-19T05:21:53Z"}}, {"type": "Feature", "geometry": {"type": "LineString", "coordinates": [[75.864648, 22.7237904], [75.8647149, 22.724065]]}, "properties": {"highway": "residential", "source_id": "way/908607035", "edited_at": "2021-02-19T05:21:53Z"}}, {"type": "Feature", "geometry": {"type": "LineString", "coordinates": [[75.8651661, 22.7209998], [75.8650824, 22.7204558], [75.8650669, 22.7203496], [75.8649945, 22.7197371]]}, "properties": {"highway": "service", "source_id": "way/908607036", "edited_at": "2021-02-19T10:06:50Z"}}, {"type": "Feature", "geometry": {"type": "LineString", "coordinates": [[75.8639299, 22.7210306], [75.8638482, 22.7202478], [75.8638436, 22.7202183], [75.8638353, 22.720194], [75.8637336, 22.7200847], [75.8636403, 22.7199806], [75.8636036, 22.7199457]]}, "properties": {"highway": "service", "source_id": "way/908607037", "edited_at": "2024-03-04T07:06:23Z"}}, {"type": "Feature", "geometry": {"type": "LineString", "coordinates": [[75.8631164, 22.7245142], [75.8629855, 22.7240221]]}, "properties": {"highway": "residential", "source_id": "way/908610120", "edited_at": "2021-02-19T05:39:06Z"}}, {"type": "Feature", "geometry": {"type": "LineString", "coordinates": [[75.8633674, 22.7223354], [75.8639172, 22.7222844]]}, "properties": {"highway": "residential", "source_id": "way/908610121", "edited_at": "2021-02-19T05:39:06Z"}}, {"type": "Feature", "geometry": {"type": "LineString", "coordinates": [[75.8637416, 22.7129935], [75.8633798, 22.7131484], [75.8632216, 22.7131633], [75.8628399, 22.7131688]]}, "properties": {"highway": "residential", "source_id": "way/908615993", "edited_at": "2021-02-19T06:04:13Z"}}, {"type": "Feature", "geometry": {"type": "LineString", "coordinates": [[75.8640037, 22.7158509], [75.8636433, 22.715811], [75.8633383, 22.7157772]]}, "properties": {"highway": "residential", "source_id": "way/908632451", "edited_at": "2021-03-01T04:17:50Z"}}, {"type": "Feature", "geometry": {"type": "LineString", "coordinates": [[75.8630125, 22.711553], [75.8627244, 22.7115948], [75.8622753, 22.7116962]]}, "properties": {"highway": "residential", "source_id": "way/908647782", "edited_at": "2025-05-29T03:40:31Z"}}, {"type": "Feature", "geometry": {"type": "LineString", "coordinates": [[75.8645601, 22.7191906], [75.8641925, 22.719215], [75.863815, 22.719267], [75.8633932, 22.7193264], [75.863345, 22.7193189], [75.8633208, 22.7192892], [75.8632752, 22.719142], [75.8632484, 22.7191136], [75.8631813, 22.7191037], [75.8629695, 22.7191161]]}, "properties": {"highway": "residential", "source_id": "way/908676329", "edited_at": "2021-02-19T10:19:59Z"}}, {"type": "Feature", "geometry": {"type": "LineString", "coordinates": [[75.8507077, 22.7100754], [75.8514129, 22.710069]]}, "properties": {"highway": "residential", "source_id": "way/911086842", "edited_at": "2021-02-26T04:28:10Z"}}, {"type": "Feature", "geometry": {"type": "LineString", "coordinates": [[75.8569371, 22.7204279], [75.8573302, 22.7204453], [75.8575363, 22.7204507]]}, "properties": {"highway": "residential", "source_id": "way/911143002", "edited_at": "2025-06-17T01:12:00Z"}}, {"type": "Feature", "geometry": {"type": "LineString", "coordinates": [[75.8580261, 22.7234184], [75.8581914, 22.7230689]]}, "properties": {"highway": "service", "source_id": "way/911143003", "edited_at": "2021-03-01T05:57:29Z"}}, {"type": "Feature", "geometry": {"type": "LineString", "coordinates": [[75.8542245, 22.7223104], [75.8544521, 22.7223818], [75.8544856, 22.7223979], [75.8545044, 22.7224165], [75.8545178, 22.7224425], [75.854542, 22.7225142], [75.8545742, 22.7225315], [75.8547494, 22.7225364]]}, "properties": {"highway": "residential", "source_id": "way/911143004", "edited_at": "2021-02-26T08:26:54Z"}}, {"type": "Feature", "geometry": {"type": "LineString", "coordinates": [[75.8521333, 22.7246369], [75.8521226, 22.7247198], [75.8521213, 22.724773], [75.8521508, 22.7248163], [75.8521897, 22.7248435], [75.8522326, 22.724862], [75.8523506, 22.7248855], [75.8529141, 22.724975]]}, "properties": {"highway": "residential", "source_id": "way/911143005", "edited_at": "2021-03-02T06:27:07Z"}}, {"type": "Feature", "geometry": {"type": "LineString", "coordinates": [[75.8616094, 22.7189108], [75.8618402, 22.7189218], [75.8618598, 22.7189259]]}, "properties": {"highway": "service", "source_id": "way/911149931", "edited_at": "2025-06-07T02:23:44Z"}}, {"type": "Feature", "geometry": {"type": "LineString", "coordinates": [[75.8595026, 22.7199225], [75.8595006, 22.719812], [75.8594799, 22.7193375]]}, "properties": {"highway": "path", "source_id": "way/911149932", "edited_at": "2022-02-22T06:11:42Z"}}, {"type": "Feature", "geometry": {"type": "LineString", "coordinates": [[75.8602875, 22.7197064], [75.8611288, 22.719742]]}, "properties": {"highway": "residential", "source_id": "way/911149933", "edited_at": "2021-02-26T08:46:35Z"}}, {"type": "Feature", "geometry": {"type": "LineString", "coordinates": [[75.8599885, 22.7203728], [75.8606415, 22.7204647]]}, "properties": {"highway": "residential", "source_id": "way/911149934", "edited_at": "2021-02-26T08:46:35Z"}}, {"type": "Feature", "geometry": {"type": "LineString", "coordinates": [[75.8619821, 22.7205568], [75.8620498, 22.7205527], [75.8621085, 22.7205634], [75.8621352, 22.7205692], [75.8621504, 22.7205844], [75.8621697, 22.7206254], [75.8622643, 22.7212548]]}, "properties": {"highway": "residential", "source_id": "way/911149935", "edited_at": "2025-06-17T01:31:42Z"}}, {"type": "Feature", "geometry": {"type": "LineString", "coordinates": [[75.8620675, 22.7212675], [75.8622643, 22.7212548], [75.8625061, 22.7212392]]}, "properties": {"highway": "residential", "source_id": "way/911149936", "edited_at": "2021-02-26T08:46:35Z"}}, {"type": "Feature", "geometry": {"type": "LineString", "coordinates": [[75.8621044, 22.7220144], [75.8624247, 22.7221449], [75.8624799, 22.7221543], [75.8625311, 22.7221814], [75.8625379, 22.7222244], [75.862551, 22.7222754], [75.8625822, 22.722407]]}, "properties": {"highway": "residential", "source_id": "way/911149937", "edited_at": "2021-02-26T08:46:35Z"}}, {"type": "Feature", "geometry": {"type": "LineString", "coordinates": [[75.8599573, 22.721699], [75.8600365, 22.7218833], [75.8600646, 22.721934], [75.8600928, 22.7219551], [75.8601317, 22.7219699], [75.8602175, 22.7219748]]}, "properties": {"highway": "service", "source_id": "way/911149938", "edited_at": "2021-03-01T05:57:29Z"}}, {"type": "Feature", "geometry": {"type": "LineString", "coordinates": [[75.855682, 22.7192389], [75.8561581, 22.7194914]]}, "properties": {"highway": "residential", "source_id": "way/911149940", "edited_at": "2021-02-26T08:46:35Z"}}, {"type": "Feature", "geometry": {"type": "LineString", "coordinates": [[75.855636, 22.7201499], [75.855238, 22.7199847]]}, "properties": {"highway": "residential", "source_id": "way/911149941", "edited_at": "2021-02-26T08:46:35Z"}}, {"type": "Feature", "geometry": {"type": "LineString", "coordinates": [[75.8565588, 22.7204533], [75.85694, 22.7204522]]}, "properties": {"highway": "residential", "source_id": "way/911149942", "edited_at": "2021-02-26T08:46:35Z"}}, {"type": "Feature", "geometry": {"type": "LineString", "coordinates": [[75.8624472, 22.7101992], [75.8625108, 22.7102932], [75.8625682, 22.7103397]]}, "properties": {"highway": "residential", "source_id": "way/911155911", "edited_at": "2025-06-19T14:17:18Z"}}, {"type": "Feature", "geometry": {"type": "LineString", "coordinates": [[75.8623385, 22.7102616], [75.8624352, 22.7105733], [75.8624569, 22.7106508], [75.8624955, 22.710829], [75.8625031, 22.7108745], [75.8624976, 22.7108993], [75.8624767, 22.7109098], [75.8623579, 22.7109198], [75.8623331, 22.7109365], [75.862319, 22.7109575], [75.8623157, 22.7109804], [75.862311, 22.7110398], [75.8623049, 22.7110713], [75.8622888, 22.7111078], [75.8622707, 22.7111369], [75.8621806, 22.7112903]]}, "properties": {"highway": "residential", "source_id": "way/911155912", "edited_at": "2021-02-26T09:10:27Z"}}, {"type": "Feature", "geometry": {"type": "LineString", "coordinates": [[75.8613843, 22.711178], [75.8616037, 22.7111496]]}, "properties": {"highway": "residential", "source_id": "way/911155913", "edited_at": "2021-02-26T09:10:27Z"}}, {"type": "Feature", "geometry": {"type": "LineString", "coordinates": [[75.8608588, 22.7125686], [75.860939, 22.7124927], [75.8609819, 22.7124606], [75.8610235, 22.712447], [75.8613735, 22.7124408], [75.8614057, 22.7124544], [75.8614366, 22.7124767], [75.861454, 22.7125224], [75.8614674, 22.712734]]}, "properties": {"highway": "residential", "source_id": "way/911155914", "edited_at": "2021-02-26T09:10:27Z"}}, {"type": "Feature", "geometry": {"type": "LineString", "coordinates": [[75.8599064, 22.717691], [75.8599962, 22.7176291], [75.8600686, 22.7176007], [75.8601505, 22.7175833], [75.8605729, 22.7175277], [75.8606753, 22.7175077]]}, "properties": {"highway": "residential", "source_id": "way/911155915", "edited_at": "2021-02-26T09:10:27Z"}}, {"type": "Feature", "geometry": {"type": "LineString", "coordinates": [[75.8600378, 22.7170378], [75.8602484, 22.7172506], [75.8603087, 22.7173112], [75.8604307, 22.7174126], [75.8605729, 22.7175277]]}, "properties": {"highway": "residential", "source_id": "way/911155916", "edited_at": "2021-02-26T09:10:27Z"}}, {"type": "Feature", "geometry": {"type": "LineString", "coordinates": [[75.8618762, 22.7180991], [75.8622435, 22.7180772], [75.862421, 22.7180709], [75.8624639, 22.7180806], [75.862488, 22.7180967], [75.8625054, 22.7181202], [75.8625121, 22.718145], [75.8625026, 22.7182528]]}, "properties": {"highway": "residential", "source_id": "way/911155917", "edited_at": "2021-02-26T09:10:27Z"}}, {"type": "Feature", "geometry": {"type": "LineString", "coordinates": [[75.8611237, 22.7196262], [75.8614228, 22.7195909]]}, "properties": {"highway": "residential", "source_id": "way/911155918", "edited_at": "2021-02-26T09:10:27Z"}}, {"type": "Feature", "geometry": {"type": "LineString", "coordinates": [[75.8590704, 22.7199145], [75.859099, 22.720603], [75.8590977, 22.7206586], [75.8590917, 22.7206852], [75.8590829, 22.7207094], [75.8590628, 22.7207421], [75.8590427, 22.72077], [75.8590199, 22.7207947], [75.8589984, 22.7208269], [75.8589904, 22.7208665], [75.8589864, 22.7209939]]}, "properties": {"highway": "service", "source_id": "way/911155919", "edited_at": "2021-02-26T09:10:27Z"}}, {"type": "Feature", "geometry": {"type": "LineString", "coordinates": [[75.8621849, 22.7217138], [75.8624492, 22.7217217]]}, "properties": {"highway": "residential", "source_id": "way/911155920", "edited_at": "2021-02-26T09:10:27Z"}}, {"type": "Feature", "geometry": {"type": "LineString", "coordinates": [[75.8568084, 22.7157617], [75.8569466, 22.7157389], [75.8570471, 22.7157203], [75.857145, 22.7156956], [75.8572671, 22.7156671], [75.8573207, 22.7156535], [75.8573596, 22.7156473], [75.8574013, 22.7156468]]}, "properties": {"highway": "residential", "source_id": "way/911186270", "edited_at": "2021-02-26T10:16:27Z"}}, {"type": "Feature", "geometry": {"type": "LineString", "coordinates": [[75.8560545, 22.7151563], [75.8565451, 22.7152401]]}, "properties": {"highway": "residential", "source_id": "way/911186271", "edited_at": "2021-02-26T10:16:27Z"}}, {"type": "Feature", "geometry": {"type": "LineString", "coordinates": [[75.854412, 22.7135717], [75.8553347, 22.7133841]]}, "properties": {"highway": "residential", "source_id": "way/911186272", "edited_at": "2021-02-26T10:16:27Z"}}, {"type": "Feature", "geometry": {"type": "LineString", "coordinates": [[75.8510113, 22.7198658], [75.8511655, 22.719872], [75.8512862, 22.7198553], [75.8513893, 22.7198289], [75.8514623, 22.7198157], [75.8515298, 22.7198075], [75.8516275, 22.7198032]]}, "properties": {"highway": "residential", "source_id": "way/911203994", "edited_at": "2025-06-27T02:59:42Z"}}, {"type": "Feature", "geometry": {"type": "LineString", "coordinates": [[75.8511041, 22.720814], [75.8510148, 22.7199053], [75.8510113, 22.7198658], [75.8510081, 22.7198311], [75.8510014, 22.7197902], [75.8509629, 22.7197163]]}, "properties": {"highway": "residential", "source_id": "way/911203995", "edited_at": "2021-02-26T11:23:50Z"}}, {"type": "Feature", "geometry": {"type": "LineString", "coordinates": [[75.8533055, 22.7245911], [75.8533806, 22.7248385], [75.8534137, 22.7250021], [75.8534229, 22.7251291], [75.8534156, 22.7253415], [75.8533604, 22.7254569], [75.8532769, 22.7255645], [75.8532022, 22.726086]]}, "properties": {"highway": "residential", "source_id": "way/911209634", "edited_at": "2025-06-16T07:00:42Z"}}, {"type": "Feature", "geometry": {"type": "LineString", "coordinates": [[75.8590176, 22.7164452], [75.859503, 22.7164661]]}, "properties": {"bridge": "yes", "highway": "secondary", "layer": "1", "name": "Jawahar Marg", "source_id": "way/911224177", "edited_at": "2024-10-10T18:39:33Z"}}, {"type": "Feature", "geometry": {"type": "LineString", "coordinates": [[75.8596493, 22.7165995], [75.85961, 22.7166351], [75.859394, 22.717312], [75.8593659, 22.7175543], [75.859394, 22.7178681], [75.8594116, 22.7180864], [75.8594175, 22.7181602], [75.859307, 22.7184226]]}, "properties": {"highway": "secondary", "name": "River Side Road", "source_id": "way/911224179", "edited_at": "2023-08-29T12:18:09Z"}}, {"type": "Feature", "geometry": {"type": "LineString", "coordinates": [[75.8630872, 22.723174], [75.8631143, 22.7229113], [75.863125, 22.7228024], [75.863125, 22.7227109]]}, "properties": {"highway": "residential", "source_id": "way/911224181", "edited_at": "2021-02-26T12:34:33Z"}}, {"type": "Feature", "geometry": {"type": "LineString", "coordinates": [[75.8625512, 22.7230317], [75.862837, 22.7229865]]}, "properties": {"highway": "residential", "source_id": "way/911224182", "edited_at": "2021-02-26T12:34:33Z"}}, {"type": "Feature", "geometry": {"type": "LineString", "coordinates": [[75.8576468, 22.7193542], [75.8576092, 22.7194107], [75.8576112, 22.7194614], [75.8576325, 22.7195343], [75.8577065, 22.719578], [75.8578442, 22.7196309]]}, "properties": {"highway": "secondary", "name": "Mahatma Gandhi Marg", "source_id": "way/911224184", "edited_at": "2026-04-07T11:04:06Z"}}, {"type": "Feature", "geometry": {"type": "LineString", "coordinates": [[75.8602899, 22.7236907], [75.8604982, 22.7237601], [75.8607446, 22.7238011], [75.8609319, 22.7238407], [75.8611724, 22.7238233], [75.8613905, 22.7237929], [75.8615964, 22.7237249]]}, "properties": {"highway": "residential", "source_id": "way/911228621", "edited_at": "2025-05-24T10:22:07Z"}}, {"type": "Feature", "geometry": {"type": "LineString", "coordinates": [[75.8611077, 22.7230614], [75.8611539, 22.723069], [75.8612089, 22.7230883], [75.8612636, 22.7231389], [75.8614749, 22.7235096]]}, "properties": {"highway": "residential", "source_id": "way/911228622", "edited_at": "2021-02-26T12:43:20Z"}}, {"type": "Feature", "geometry": {"type": "LineString", "coordinates": [[75.8575058, 22.712995], [75.8575487, 22.7131162], [75.8575863, 22.7131929], [75.8576319, 22.7132647], [75.8576801, 22.7133142], [75.8577391, 22.7133439], [75.8578089, 22.7133587], [75.8579779, 22.7133785], [75.8580422, 22.7133884], [75.8580852, 22.7134057], [75.8581415, 22.7134453], [75.8581844, 22.7134824], [75.8582104, 22.713523]]}, "properties": {"highway": "service", "source_id": "way/911228623", "edited_at": "2021-02-26T12:43:20Z"}}, {"type": "Feature", "geometry": {"type": "LineString", "coordinates": [[75.858057, 22.7125002], [75.858234, 22.7126808], [75.8582555, 22.7127266], [75.8583976, 22.7128033], [75.8584566, 22.7128354], [75.858521, 22.7128762], [75.8585666, 22.7129158], [75.8586162, 22.712969], [75.8586511, 22.7130284], [75.8586766, 22.7131558], [75.8586672, 22.7132907]]}, "properties": {"highway": "service", "source_id": "way/911228624", "edited_at": "2026-04-10T05:57:08Z"}}, {"type": "Feature", "geometry": {"type": "LineString", "coordinates": [[75.8567186, 22.7131843], [75.8567749, 22.7127612], [75.8568218, 22.7122985]]}, "properties": {"highway": "service", "source_id": "way/911228626", "edited_at": "2021-02-26T12:43:20Z"}}, {"type": "Feature", "geometry": {"type": "LineString", "coordinates": [[75.856292, 22.7187132], [75.8565201, 22.7188244], [75.8565911, 22.7188612], [75.8566824, 22.7188982], [75.8568005, 22.7189293], [75.8569291, 22.7189528], [75.8570673, 22.7189726]]}, "properties": {"highway": "residential", "source_id": "way/911228627", "edited_at": "2021-02-26T12:43:20Z"}}, {"type": "Feature", "geometry": {"type": "LineString", "coordinates": [[75.8586672, 22.7132907], [75.8588149, 22.7132465]]}, "properties": {"highway": "tertiary", "source_id": "way/911280111", "edited_at": "2026-04-10T05:57:08Z"}}, {"type": "Feature", "geometry": {"type": "LineString", "coordinates": [[75.858748, 22.713194], [75.8586672, 22.7132907]]}, "properties": {"highway": "tertiary", "source_id": "way/911280113", "edited_at": "2026-04-10T05:57:08Z"}}, {"type": "Feature", "geometry": {"type": "LineString", "coordinates": [[75.8588149, 22.7132465], [75.8591604, 22.7130196]]}, "properties": {"bridge": "yes", "highway": "tertiary", "layer": "1", "source_id": "way/911280114", "edited_at": "2021-03-02T05:38:25Z"}}, {"type": "Feature", "geometry": {"type": "LineString", "coordinates": [[75.8616352, 22.7160469], [75.8617391, 22.7160427], [75.8618163, 22.7160389], [75.8618824, 22.7160379], [75.861999, 22.7160298], [75.8623151, 22.7160157], [75.8628565, 22.7159744], [75.863513, 22.7158818], [75.8635264, 22.715878], [75.8635426, 22.7158712], [75.863589, 22.7158477], [75.8636433, 22.715811]]}, "properties": {"highway": "residential", "source_id": "way/912237493", "edited_at": "2025-06-19T18:00:25Z"}}, {"type": "Feature", "geometry": {"type": "LineString", "coordinates": [[75.8553065, 22.7105829], [75.8557003, 22.7105513], [75.8557602, 22.7105445], [75.855792, 22.7105383], [75.8558169, 22.7105241], [75.855829, 22.7105006], [75.8558329, 22.7104717], [75.8558451, 22.7104019], [75.8559363, 22.7103056]]}, "properties": {"highway": "residential", "source_id": "way/912238996", "edited_at": "2024-10-04T18:50:13Z"}}, {"type": "Feature", "geometry": {"type": "LineString", "coordinates": [[75.8552158, 22.7100967], [75.8557048, 22.710015], [75.8557808, 22.7100089], [75.8558181, 22.7100177], [75.8558409, 22.7100448], [75.8559148, 22.710261], [75.8559363, 22.7103056], [75.8559658, 22.710334], [75.8560161, 22.7103578], [75.8560892, 22.7103743], [75.8564143, 22.7103563]]}, "properties": {"highway": "residential", "source_id": "way/912238997", "edited_at": "2021-03-01T04:27:53Z"}}, {"type": "Feature", "geometry": {"type": "LineString", "coordinates": [[75.8547606, 22.7110911], [75.8547901, 22.7110094], [75.8548115, 22.7109414], [75.8548236, 22.7108932], [75.8548303, 22.7108189]]}, "properties": {"highway": "residential", "source_id": "way/912238998", "edited_at": "2021-03-01T04:27:53Z"}}, {"type": "Feature", "geometry": {"type": "LineString", "coordinates": [[75.8537384, 22.7112484], [75.8537741, 22.7110972], [75.854082, 22.711101], [75.8542187, 22.711101], [75.8543327, 22.7110985]]}, "properties": {"highway": "residential", "source_id": "way/912238999", "edited_at": "2021-03-01T04:27:53Z"}}, {"type": "Feature", "geometry": {"type": "LineString", "coordinates": [[75.8624411, 22.7156201], [75.8628558, 22.7156152]]}, "properties": {"highway": "residential", "source_id": "way/912239002", "edited_at": "2021-03-01T04:27:53Z"}}, {"type": "Feature", "geometry": {"type": "LineString", "coordinates": [[75.8624545, 22.7154741], [75.8628575, 22.7154973]]}, "properties": {"highway": "residential", "source_id": "way/912239003", "edited_at": "2021-03-01T04:27:53Z"}}, {"type": "Feature", "geometry": {"type": "LineString", "coordinates": [[75.855567, 22.7168641], [75.8557248, 22.7168423], [75.8557878, 22.7168381], [75.8558696, 22.7168399], [75.8560907, 22.7168822]]}, "properties": {"highway": "residential", "source_id": "way/912246057", "edited_at": "2021-03-01T05:05:28Z"}}, {"type": "Feature", "geometry": {"type": "LineString", "coordinates": [[75.8516716, 22.7153001], [75.8513538, 22.7152503]]}, "properties": {"highway": "residential", "source_id": "way/912247284", "edited_at": "2021-03-01T05:13:04Z"}}, {"type": "Feature", "geometry": {"type": "LineString", "coordinates": [[75.8621441, 22.7222535], [75.8622467, 22.722542]]}, "properties": {"highway": "residential", "source_id": "way/912256654", "edited_at": "2021-03-01T05:57:29Z"}}, {"type": "Feature", "geometry": {"type": "LineString", "coordinates": [[75.8619196, 22.7223097], [75.862034, 22.7222839], [75.8621441, 22.7222535], [75.8622757, 22.7222124], [75.8623954, 22.7221929], [75.8625311, 22.7221814]]}, "properties": {"highway": "residential", "source_id": "way/912256655", "edited_at": "2025-06-17T11:03:05Z"}}, {"type": "Feature", "geometry": {"type": "LineString", "coordinates": [[75.8626398, 22.72458], [75.8625953, 22.7242002], [75.8625805, 22.7241136], [75.8625548, 22.724013], [75.8624634, 22.723746]]}, "properties": {"highway": "residential", "source_id": "way/912256656", "edited_at": "2021-03-01T05:57:29Z"}}, {"type": "Feature", "geometry": {"type": "LineString", "coordinates": [[75.8623878, 22.7246085], [75.8626398, 22.72458], [75.862808, 22.7245581]]}, "properties": {"highway": "residential", "source_id": "way/912256657", "edited_at": "2021-03-01T05:57:29Z"}}, {"type": "Feature", "geometry": {"type": "LineString", "coordinates": [[75.8600856, 22.7240145], [75.8601162, 22.7246468], [75.8601232, 22.724664], [75.8601387, 22.7246738], [75.8601604, 22.7246779], [75.860332, 22.7246726]]}, "properties": {"highway": "service", "source_id": "way/912256658", "edited_at": "2021-03-01T05:57:29Z"}}, {"type": "Feature", "geometry": {"type": "LineString", "coordinates": [[75.8581831, 22.7169148], [75.8586659, 22.716992], [75.8587906, 22.7170143], [75.8588268, 22.7170279], [75.8588482, 22.7170489], [75.8588563, 22.7170762], [75.8588174, 22.7172753]]}, "properties": {"highway": "residential", "source_id": "way/912624079", "edited_at": "2021-03-02T05:17:09Z"}}, {"type": "Feature", "geometry": {"type": "LineString", "coordinates": [[75.8580248, 22.7164761], [75.8585682, 22.7164278], [75.8588469, 22.7164356], [75.8590176, 22.7164452]]}, "properties": {"highway": "secondary", "name": "Jawahar Marg", "source_id": "way/912624080", "edited_at": "2024-10-10T18:39:33Z"}}, {"type": "Feature", "geometry": {"type": "LineString", "coordinates": [[75.8590185, 22.716376], [75.8588561, 22.7163752], [75.8585323, 22.7163786], [75.8580069, 22.7164313]]}, "properties": {"highway": "secondary", "name": "Jawahar Marg", "source_id": "way/912624081", "edited_at": "2024-10-10T18:39:33Z"}}, {"type": "Feature", "geometry": {"type": "LineString", "coordinates": [[75.8532556, 22.7212941], [75.8532753, 22.7213967], [75.8532896, 22.7214702], [75.8532975, 22.7215298], [75.8533125, 22.7216344], [75.8533224, 22.7219118]]}, "properties": {"highway": "residential", "source_id": "way/912631443", "edited_at": "2021-03-02T05:47:45Z"}}, {"type": "Feature", "geometry": {"type": "LineString", "coordinates": [[75.8609205, 22.7106523], [75.8610477, 22.7108758], [75.861057, 22.7108969], [75.861057, 22.7109204], [75.8610436, 22.7109426], [75.8610101, 22.7109587], [75.860597, 22.7110998]]}, "properties": {"highway": "residential", "source_id": "way/912638100", "edited_at": "2021-03-02T06:04:07Z"}}, {"type": "Feature", "geometry": {"type": "LineString", "coordinates": [[75.8610356, 22.7100383], [75.8611402, 22.710021], [75.8612475, 22.7100185], [75.8613387, 22.7100111], [75.8614272, 22.7099987], [75.8615828, 22.7099764], [75.8616847, 22.709969], [75.8617625, 22.7099641], [75.8618778, 22.7099715], [75.8618986, 22.7099722], [75.8619529, 22.709974], [75.8620012, 22.709969], [75.8622212, 22.7099121]]}, "properties": {"highway": "residential", "source_id": "way/912638102", "edited_at": "2021-03-02T06:04:07Z"}}, {"type": "Feature", "geometry": {"type": "LineString", "coordinates": [[75.8609205, 22.7106523], [75.8608102, 22.710295], [75.8607751, 22.7101874], [75.8607319, 22.7100867]]}, "properties": {"highway": "residential", "source_id": "way/912638103", "edited_at": "2025-06-19T09:01:07Z"}}, {"type": "Feature", "geometry": {"type": "LineString", "coordinates": [[75.850092, 22.7224651], [75.8500885, 22.7226149], [75.8500885, 22.7226446], [75.8500644, 22.7226991], [75.8500054, 22.7227287], [75.8498413, 22.7227708]]}, "properties": {"highway": "residential", "source_id": "way/912638108", "edited_at": "2026-09-09T12:05:37Z"}}, {"type": "Feature", "geometry": {"type": "LineString", "coordinates": [[75.858474, 22.7152285], [75.8585961, 22.7152119], [75.8586632, 22.7151995], [75.8587396, 22.7151834], [75.8588684, 22.7151401], [75.8590054, 22.7150524]]}, "properties": {"highway": "residential", "source_id": "way/912642543", "edited_at": "2021-03-02T06:27:07Z"}}, {"type": "Feature", "geometry": {"type": "LineString", "coordinates": [[75.8519159, 22.7152984], [75.8520716, 22.7152812], [75.8521977, 22.7152465], [75.8523613, 22.715197], [75.8525088, 22.7151525], [75.8526054, 22.7151327], [75.8527449, 22.7151278], [75.8530257, 22.7151364]]}, "properties": {"highway": "residential", "source_id": "way/912642544", "edited_at": "2021-03-02T06:27:07Z"}}, {"type": "Feature", "geometry": {"type": "LineString", "coordinates": [[75.8585224, 22.7209098], [75.8586502, 22.7208704]]}, "properties": {"highway": "secondary_link", "source_id": "way/912642546", "edited_at": "2021-03-02T06:27:07Z"}}, {"type": "Feature", "geometry": {"type": "LineString", "coordinates": [[75.8553798, 22.7207927], [75.855335, 22.7211802]]}, "properties": {"highway": "residential", "source_id": "way/912642550", "edited_at": "2021-03-02T06:27:07Z"}}, {"type": "Feature", "geometry": {"type": "LineString", "coordinates": [[75.8615828, 22.7152997], [75.8618024, 22.7152762]]}, "properties": {"highway": "residential", "source_id": "way/912642551", "edited_at": "2021-03-02T06:27:07Z"}}, {"type": "Feature", "geometry": {"type": "LineString", "coordinates": [[75.8613534, 22.7153331], [75.8615828, 22.7152997]]}, "properties": {"bridge": "yes", "highway": "residential", "layer": "1", "source_id": "way/912642552", "edited_at": "2021-03-02T06:27:07Z"}}, {"type": "Feature", "geometry": {"type": "LineString", "coordinates": [[75.8611954, 22.7153501], [75.8613534, 22.7153331]]}, "properties": {"highway": "residential", "source_id": "way/912642553", "edited_at": "2021-03-02T06:27:07Z"}}, {"type": "Feature", "geometry": {"type": "LineString", "coordinates": [[75.8510156, 22.7164317], [75.8513536, 22.716367], [75.8514279, 22.7163797], [75.8514695, 22.7163933], [75.8514909, 22.7164143], [75.8515124, 22.7164452], [75.8515307, 22.7166576]]}, "properties": {"highway": "residential", "source_id": "way/912642554", "edited_at": "2021-03-02T06:27:07Z"}}, {"type": "Feature", "geometry": {"type": "LineString", "coordinates": [[75.8539825, 22.7228491], [75.8542245, 22.7223104], [75.8543731, 22.7219783], [75.8544584, 22.7218366], [75.8545924, 22.721461], [75.8546519, 22.7212663], [75.8546829, 22.7211463], [75.8547272, 22.7210943], [75.8548203, 22.7208865], [75.854995, 22.7205373], [75.8551438, 22.7201769], [75.855238, 22.7199847], [75.8553426, 22.7197851], [75.855682, 22.7192389], [75.8557288, 22.7191507], [75.855744, 22.7191005], [75.8557516, 22.7190406], [75.855742, 22.7189891], [75.8557141, 22.7188909]]}, "properties": {"highway": "tertiary", "layer": "-1", "name": "Imli Baazar", "source_id": "way/1033376987", "edited_at": "2025-06-27T04:48:17Z"}}, {"type": "Feature", "geometry": {"type": "LineString", "coordinates": [[75.8585429, 22.7233016], [75.8584718, 22.7232531], [75.8584013, 22.7232068], [75.8582434, 22.7231031], [75.8581914, 22.7230689], [75.8580624, 22.723012], [75.8579508, 22.7229615], [75.8578236, 22.7229057], [75.8576024, 22.7228087], [75.8574494, 22.7227416], [75.8570914, 22.7226527], [75.8568835, 22.7226379], [75.8568061, 22.7226313], [75.8567105, 22.722628], [75.856563, 22.7226169], [75.8561742, 22.7226146], [75.8561056, 22.7226101], [75.8556081, 22.7226041], [75.8555301, 22.7225987], [75.8554173, 22.7226005], [75.8552769, 22.7226223], [75.8551428, 22.722654], [75.8549483, 22.7227121], [75.8546868, 22.7227999], [75.8545889, 22.7228309], [75.8544481, 22.7228568], [75.854259, 22.7228568], [75.8541329, 22.7228605], [75.8539825, 22.7228491]]}, "properties": {"highway": "secondary", "source_id": "way/1033376988", "edited_at": "2024-03-04T05:46:48Z"}}, {"type": "Feature", "geometry": {"type": "LineString", "coordinates": [[75.8571986, 22.7110764], [75.8568182, 22.7111054], [75.8563873, 22.7111894], [75.8563185, 22.7112028], [75.8559188, 22.7113578], [75.8555708, 22.7115311]]}, "properties": {"highway": "tertiary", "source_id": "way/1033376989", "edited_at": "2022-02-20T03:12:52Z"}}, {"type": "Feature", "geometry": {"type": "LineString", "coordinates": [[75.85557, 22.7181452], [75.8555792, 22.7179344]]}, "properties": {"highway": "secondary", "name": "Prince Yashwant Road", "source_id": "way/1033702558", "edited_at": "2022-02-21T05:05:38Z"}}, {"type": "Feature", "geometry": {"type": "LineString", "coordinates": [[75.8555792, 22.7179344], [75.8556124, 22.7178598], [75.8556241, 22.7176252], [75.8556105, 22.7172961], [75.855567, 22.7168641], [75.8554801, 22.7164214]]}, "properties": {"highway": "secondary", "name": "Prince Yashwant Road", "source_id": "way/1033702559", "edited_at": "2022-02-21T05:05:38Z"}}, {"type": "Feature", "geometry": {"type": "LineString", "coordinates": [[75.8561842, 22.7164097], [75.8565036, 22.7164477], [75.8570931, 22.7164793], [75.8573819, 22.7164828], [75.8576651, 22.7164972], [75.8579624, 22.7164811], [75.8580248, 22.7164761]]}, "properties": {"highway": "secondary", "name": "Jawahar Marg", "source_id": "way/1033702560", "edited_at": "2026-04-08T09:24:41Z"}}, {"type": "Feature", "geometry": {"type": "LineString", "coordinates": [[75.855024, 22.7163676], [75.855117, 22.7164011], [75.8554088, 22.7164264]]}, "properties": {"highway": "secondary", "source_id": "way/1033702561", "edited_at": "2025-01-28T11:46:10Z"}}, {"type": "Feature", "geometry": {"type": "LineString", "coordinates": [[75.8554037, 22.7163804], [75.8551241, 22.7163618], [75.855024, 22.7163676]]}, "properties": {"highway": "secondary", "source_id": "way/1033702562", "edited_at": "2025-01-28T11:46:10Z"}}, {"type": "Feature", "geometry": {"type": "LineString", "coordinates": [[75.8554801, 22.7164214], [75.8557314, 22.7164063], [75.8561842, 22.7164097]]}, "properties": {"highway": "secondary", "source_id": "way/1033702563", "edited_at": "2022-02-21T05:05:38Z"}}, {"type": "Feature", "geometry": {"type": "LineString", "coordinates": [[75.8561951, 22.7163727], [75.8557389, 22.7163679], [75.8554764, 22.7163762]]}, "properties": {"highway": "secondary", "source_id": "way/1033702564", "edited_at": "2022-02-21T05:05:38Z"}}, {"type": "Feature", "geometry": {"type": "LineString", "coordinates": [[75.8548821, 22.7148092], [75.8548901, 22.7149024], [75.8550553, 22.715351], [75.8551561, 22.7156529], [75.8552569, 22.7159376], [75.8554037, 22.7163804]]}, "properties": {"highway": "secondary", "source_id": "way/1033702565", "edited_at": "2022-02-21T05:05:38Z"}}, {"type": "Feature", "geometry": {"type": "LineString", "coordinates": [[75.8548436, 22.7145733], [75.8548044, 22.7146338], [75.854812, 22.7147035], [75.854827, 22.7147594], [75.8548821, 22.7148092]]}, "properties": {"highway": "secondary", "source_id": "way/1033702566", "edited_at": "2022-02-21T05:05:38Z"}}, {"type": "Feature", "geometry": {"type": "LineString", "coordinates": [[75.8548821, 22.7148092], [75.8549038, 22.7147479], [75.8548988, 22.7146958], [75.8548912, 22.7146253], [75.8548436, 22.7145733]]}, "properties": {"highway": "secondary", "source_id": "way/1033702567", "edited_at": "2022-02-21T05:05:38Z"}}, {"type": "Feature", "geometry": {"type": "LineString", "coordinates": [[75.8554088, 22.7164264], [75.8555146, 22.7168704], [75.855532, 22.7170346], [75.855566, 22.7176339], [75.8555608, 22.7178501], [75.8555792, 22.7179344]]}, "properties": {"highway": "secondary", "name": "Prince Yashwant Road", "source_id": "way/1033702568", "edited_at": "2022-02-21T05:05:38Z"}}, {"type": "Feature", "geometry": {"type": "LineString", "coordinates": [[75.8554764, 22.7163762], [75.8554037, 22.7163804]]}, "properties": {"highway": "secondary", "source_id": "way/1033702569", "edited_at": "2026-04-07T13:20:07Z"}}, {"type": "Feature", "geometry": {"type": "LineString", "coordinates": [[75.8578261, 22.7152956], [75.8578598, 22.7160417], [75.8578977, 22.7161786], [75.8579627, 22.7163339], [75.8580069, 22.7164313], [75.8580248, 22.7164761], [75.858171, 22.7168448], [75.8581831, 22.7169148], [75.8581844, 22.7169957], [75.8581603, 22.7170823], [75.8580192, 22.7174371], [75.8579311, 22.7177178], [75.8578727, 22.7179038], [75.8577909, 22.7183381], [75.8577805, 22.7183932], [75.8576361, 22.7189209]]}, "properties": {"highway": "tertiary", "source_id": "way/1033702570", "edited_at": "2026-04-08T09:24:41Z"}}, {"type": "Feature", "geometry": {"type": "LineString", "coordinates": [[75.8580069, 22.7164313], [75.8579147, 22.7164442], [75.8575509, 22.7164541], [75.8571035, 22.7164233], [75.856514, 22.7164111], [75.8561951, 22.7163727]]}, "properties": {"highway": "secondary", "name": "Jawahar Marg", "source_id": "way/1033702571", "edited_at": "2026-04-08T09:24:41Z"}}, {"type": "Feature", "geometry": {"type": "LineString", "coordinates": [[75.8596157, 22.7164384], [75.8595606, 22.716401], [75.8595052, 22.7164022]]}, "properties": {"highway": "secondary", "name": "Jawahar Marg", "source_id": "way/1033702577", "edited_at": "2024-10-10T18:39:33Z"}}, {"type": "Feature", "geometry": {"type": "LineString", "coordinates": [[75.859503, 22.7164661], [75.8595568, 22.7164701], [75.8596157, 22.7164384]]}, "properties": {"highway": "secondary", "name": "Jawahar Marg", "source_id": "way/1033702578", "edited_at": "2024-10-10T18:39:33Z"}}, {"type": "Feature", "geometry": {"type": "LineString", "coordinates": [[75.8583711, 22.7198093], [75.8584965, 22.7198605], [75.8586033, 22.7198469]]}, "properties": {"highway": "secondary", "name": "River Side Road", "source_id": "way/1034062073", "edited_at": "2026-04-10T06:10:38Z"}}, {"type": "Feature", "geometry": {"type": "LineString", "coordinates": [[75.8591833, 22.7187195], [75.8590843, 22.7188736], [75.8589669, 22.7190295]]}, "properties": {"highway": "secondary", "source_id": "way/1034062075", "edited_at": "2022-02-22T06:11:42Z"}}, {"type": "Feature", "geometry": {"type": "LineString", "coordinates": [[75.859207, 22.7188862], [75.8590843, 22.7188736]]}, "properties": {"highway": "secondary", "source_id": "way/1034062076", "edited_at": "2022-02-22T06:11:42Z"}}, {"type": "Feature", "geometry": {"type": "LineString", "coordinates": [[75.8505989, 22.7098633], [75.8512389, 22.7098553], [75.8513743, 22.7098428], [75.8514129, 22.710069]]}, "properties": {"highway": "residential", "source_id": "way/1034401791", "edited_at": "2022-02-23T08:03:30Z"}}, {"type": "Feature", "geometry": {"type": "LineString", "coordinates": [[75.8562141, 22.7130735], [75.8561074, 22.7130361]]}, "properties": {"highway": "secondary", "source_id": "way/1035566657", "edited_at": "2022-02-27T06:38:44Z"}}, {"type": "Feature", "geometry": {"type": "LineString", "coordinates": [[75.8560227, 22.7129808], [75.85606, 22.713135]]}, "properties": {"highway": "secondary_link", "source_id": "way/1035566658", "edited_at": "2022-02-27T06:38:44Z"}}, {"type": "Feature", "geometry": {"type": "LineString", "coordinates": [[75.8561456, 22.7129226], [75.8562141, 22.7130735]]}, "properties": {"highway": "secondary_link", "source_id": "way/1035566659", "edited_at": "2022-02-27T06:38:44Z"}}, {"type": "Feature", "geometry": {"type": "LineString", "coordinates": [[75.8597841, 22.7150465], [75.8597765, 22.714587], [75.8597551, 22.7143335], [75.859683, 22.7140658], [75.8595561, 22.7137388], [75.8592541, 22.7129603], [75.859207, 22.7128912]]}, "properties": {"highway": "tertiary", "source_id": "way/1066112077", "edited_at": "2026-04-10T05:57:08Z"}}, {"type": "Feature", "geometry": {"type": "LineString", "coordinates": [[75.8642229, 22.7241482], [75.8638367, 22.724168]]}, "properties": {"highway": "residential", "source_id": "way/1069826782", "edited_at": "2022-06-15T05:51:03Z"}}, {"type": "Feature", "geometry": {"type": "LineString", "coordinates": [[75.86312, 22.7249092], [75.8631415, 22.725087], [75.8631425, 22.7251264]]}, "properties": {"highway": "residential", "source_id": "way/1069826783", "edited_at": "2022-06-15T05:51:03Z"}}, {"type": "Feature", "geometry": {"type": "LineString", "coordinates": [[75.8553363, 22.7243278], [75.8552635, 22.72434], [75.8552172, 22.7243864], [75.8551727, 22.7249162]]}, "properties": {"highway": "residential", "source_id": "way/1118852494", "edited_at": "2025-06-27T04:58:04Z"}}, {"type": "Feature", "geometry": {"type": "LineString", "coordinates": [[75.8570762, 22.7247509], [75.8568063, 22.7247808], [75.8565621, 22.7247726], [75.8554639, 22.7248561], [75.8553645, 22.7249394], [75.8552967, 22.7250853], [75.8553144, 22.7255733]]}, "properties": {"highway": "service", "source_id": "way/1118852495", "edited_at": "2023-08-31T08:37:50Z"}}, {"type": "Feature", "geometry": {"type": "LineString", "coordinates": [[75.8523885, 22.721569], [75.8524225, 22.7217119], [75.8524179, 22.721777], [75.8524634, 22.7217759], [75.8528102, 22.7217355], [75.8528415, 22.7217626], [75.8528552, 22.7218594], [75.8528753, 22.7218877]]}, "properties": {"highway": "residential", "source_id": "way/1125566783", "edited_at": "2022-12-29T08:45:12Z"}}, {"type": "Feature", "geometry": {"type": "LineString", "coordinates": [[75.862539, 22.7221264], [75.8625311, 22.7221814]]}, "properties": {"highway": "residential", "source_id": "way/1162979857", "edited_at": "2023-04-16T08:16:26Z"}}, {"type": "Feature", "geometry": {"type": "LineString", "coordinates": [[75.8626887, 22.7217095], [75.8632423, 22.7217338], [75.8633023, 22.7216244]]}, "properties": {"highway": "path", "source_id": "way/1162979859", "edited_at": "2023-04-16T08:16:26Z"}}, {"type": "Feature", "geometry": {"type": "LineString", "coordinates": [[75.8644529, 22.7239857], [75.8644454, 22.7238808]]}, "properties": {"highway": "residential", "source_id": "way/1189354833", "edited_at": "2023-07-14T07:27:56Z"}}, {"type": "Feature", "geometry": {"type": "LineString", "coordinates": [[75.8644454, 22.7238808], [75.8644502, 22.7238597], [75.8644673, 22.7238498], [75.864648, 22.7237904]]}, "properties": {"highway": "living_street", "source_id": "way/1189570683", "edited_at": "2023-07-14T07:27:56Z"}}, {"type": "Feature", "geometry": {"type": "LineString", "coordinates": [[75.860883, 22.7115741], [75.8609372, 22.7116358], [75.8609815, 22.7117039], [75.8609973, 22.7118766], [75.860926, 22.7120662], [75.8608929, 22.7120998], [75.8607883, 22.7121302], [75.8607562, 22.7121492], [75.8606817, 22.7124095]]}, "properties": {"highway": "residential", "source_id": "way/1192936366", "edited_at": "2025-06-07T02:23:56Z"}}, {"type": "Feature", "geometry": {"type": "LineString", "coordinates": [[75.861493, 22.7118767], [75.8614639, 22.7118902], [75.8613759, 22.7119037], [75.8609973, 22.7118766]]}, "properties": {"highway": "residential", "source_id": "way/1193515865", "edited_at": "2025-06-07T02:23:56Z"}}, {"type": "Feature", "geometry": {"type": "LineString", "coordinates": [[75.8611769, 22.7181108], [75.861154, 22.7182452]]}, "properties": {"highway": "tertiary", "source_id": "way/1203098346", "edited_at": "2023-08-29T12:13:03Z"}}, {"type": "Feature", "geometry": {"type": "LineString", "coordinates": [[75.8596493, 22.7165995], [75.859656, 22.7164449]]}, "properties": {"highway": "secondary", "name": "River Side Road", "source_id": "way/1203102435", "edited_at": "2023-08-29T12:18:09Z"}}, {"type": "Feature", "geometry": {"type": "LineString", "coordinates": [[75.859656, 22.7164449], [75.8596157, 22.7164384]]}, "properties": {"highway": "secondary", "name": "Jawahar Marg", "source_id": "way/1203102436", "edited_at": "2024-10-10T18:39:33Z"}}, {"type": "Feature", "geometry": {"type": "LineString", "coordinates": [[75.8645716, 22.7180288], [75.8655098, 22.7179953], [75.8656436, 22.7179974], [75.8656844, 22.7179597], [75.8656776, 22.7178175], [75.8655869, 22.7178238], [75.8655257, 22.7178572], [75.8655098, 22.7179953]]}, "properties": {"highway": "residential", "source_id": "way/1238288587", "edited_at": "2024-01-09T11:29:36Z"}}, {"type": "Feature", "geometry": {"type": "LineString", "coordinates": [[75.8556185, 22.7129478], [75.8556011, 22.7126623], [75.8555895, 22.7125291]]}, "properties": {"highway": "residential", "source_id": "way/1257329532", "edited_at": "2024-03-04T05:37:30Z"}}, {"type": "Feature", "geometry": {"type": "LineString", "coordinates": [[75.8582434, 22.7231031], [75.8582018, 22.7232524], [75.8582101, 22.7232753], [75.8582838, 22.7233161], [75.8583145, 22.7233092], [75.8584013, 22.7232068]]}, "properties": {"highway": "service", "source_id": "way/1257330031", "edited_at": "2024-03-04T05:46:48Z"}}, {"type": "Feature", "geometry": {"type": "LineString", "coordinates": [[75.8638353, 22.720194], [75.8644826, 22.7201595], [75.8645155, 22.7201452], [75.8645491, 22.720116], [75.8647636, 22.7199041], [75.8648143, 22.7197548]]}, "properties": {"highway": "service", "source_id": "way/1257337995", "edited_at": "2024-03-04T07:06:23Z"}}, {"type": "Feature", "geometry": {"type": "LineString", "coordinates": [[75.857078, 22.7238301], [75.8565074, 22.7238327], [75.8564687, 22.7238192], [75.8564519, 22.7237846], [75.8564602, 22.72354]]}, "properties": {"highway": "residential", "source_id": "way/1257340815", "edited_at": "2024-03-04T07:19:00Z"}}, {"type": "Feature", "geometry": {"type": "LineString", "coordinates": [[75.8552392, 22.723549], [75.8560803, 22.723533]]}, "properties": {"highway": "residential", "source_id": "way/1257341349", "edited_at": "2024-03-04T07:22:05Z"}}, {"type": "Feature", "geometry": {"type": "LineString", "coordinates": [[75.8611116, 22.7163906], [75.861615, 22.7163596], [75.8619044, 22.7163417], [75.862347, 22.7163002], [75.8625887, 22.7162775], [75.8628413, 22.7162546], [75.8631611, 22.7162256], [75.8637496, 22.7161659], [75.8638962, 22.7161511], [75.8641882, 22.7161214], [75.8642323, 22.7161152], [75.8647225, 22.716046], [75.8650677, 22.7159943], [75.8651052, 22.7159864], [75.8655627, 22.7158766], [75.8658517, 22.7157871], [75.8659379, 22.7157537], [75.8659603, 22.7157154]]}, "properties": {"highway": "secondary", "source_id": "way/1264741351", "edited_at": "2024-03-21T09:16:57Z"}}, {"type": "Feature", "geometry": {"type": "LineString", "coordinates": [[75.8608052, 22.7163372], [75.8603356, 22.7163738], [75.8602902, 22.7164143]]}, "properties": {"highway": "secondary", "name": "Jawahar Marg", "source_id": "way/1264741352", "edited_at": "2024-10-10T18:39:33Z"}}, {"type": "Feature", "geometry": {"type": "LineString", "coordinates": [[75.8602902, 22.7164143], [75.8603573, 22.7164439], [75.8606103, 22.7164233], [75.8607439, 22.7164146]]}, "properties": {"highway": "secondary", "source_id": "way/1264741353", "edited_at": "2024-03-21T09:16:57Z"}}, {"type": "Feature", "geometry": {"type": "LineString", "coordinates": [[75.8607439, 22.7164146], [75.8611116, 22.7163906]]}, "properties": {"bridge": "yes", "highway": "secondary", "layer": "1", "source_id": "way/1264741354", "edited_at": "2024-03-21T09:16:57Z"}}, {"type": "Feature", "geometry": {"type": "LineString", "coordinates": [[75.8559346, 22.7182584], [75.8558428, 22.7182959]]}, "properties": {"highway": "secondary", "source_id": "way/1265043081", "edited_at": "2026-04-07T11:04:06Z"}}, {"type": "Feature", "geometry": {"type": "LineString", "coordinates": [[75.8525036, 22.7140907], [75.8524516, 22.7139975], [75.8524162, 22.7139321], [75.85228, 22.7137995], [75.8522102, 22.7137451], [75.8521126, 22.7137243], [75.8520606, 22.7137155], [75.851971, 22.7137035], [75.8518358, 22.7136926], [75.8515593, 22.7136807], [75.8513272, 22.7136491], [75.8508573, 22.7136234], [75.8505172, 22.7135956], [75.8503048, 22.7135838], [75.8501674, 22.7135699], [75.8500355, 22.713557], [75.8499443, 22.7135363], [75.8498434, 22.7135016], [75.8497179, 22.7134195], [75.8496096, 22.7133205], [75.8495184, 22.7132532], [75.849454, 22.7132314], [75.8494046, 22.7132314], [75.849322, 22.7132394], [75.8491252, 22.7132508]]}, "properties": {"highway": "residential", "layer": "1", "source_id": "way/1351568250", "edited_at": "2025-01-15T13:57:39Z"}}, {"type": "Feature", "geometry": {"type": "LineString", "coordinates": [[75.8554088, 22.7164264], [75.8554801, 22.7164214]]}, "properties": {"highway": "secondary", "source_id": "way/1354908153", "edited_at": "2026-04-07T13:20:07Z"}}, {"type": "Feature", "geometry": {"type": "LineString", "coordinates": [[75.8554801, 22.7164214], [75.8554764, 22.7163762]]}, "properties": {"highway": "secondary", "source_id": "way/1354908154", "edited_at": "2026-04-07T13:20:07Z"}}, {"type": "Feature", "geometry": {"type": "LineString", "coordinates": [[75.8554037, 22.7163804], [75.8554088, 22.7164264]]}, "properties": {"highway": "secondary", "source_id": "way/1354908155", "edited_at": "2026-04-07T13:20:07Z"}}, {"type": "Feature", "geometry": {"type": "LineString", "coordinates": [[75.8646299, 22.7174286], [75.8646371, 22.717316], [75.864639, 22.7171622], [75.8648148, 22.7171505]]}, "properties": {"highway": "service", "source_id": "way/1384378466", "edited_at": "2025-05-07T15:17:59Z"}}, {"type": "Feature", "geometry": {"type": "LineString", "coordinates": [[75.8615495, 22.7202524], [75.8617786, 22.720248], [75.861855, 22.720248], [75.8619341, 22.7202566], [75.8620132, 22.7202838], [75.8620575, 22.7203073], [75.8620964, 22.7203271], [75.8621702, 22.7203494], [75.8623043, 22.7203605], [75.8623525, 22.7203717], [75.8623834, 22.7203877], [75.8625991, 22.7203792]]}, "properties": {"highway": "residential", "source_id": "way/1386525667", "edited_at": "2025-05-14T07:07:26Z"}}, {"type": "Feature", "geometry": {"type": "LineString", "coordinates": [[75.8586672, 22.7132907], [75.8586078, 22.7133459], [75.8584189, 22.7134212], [75.8582826, 22.7134878], [75.8582104, 22.713523], [75.8578831, 22.7136828], [75.8577703, 22.7137161]]}, "properties": {"highway": "tertiary", "source_id": "way/1390031190", "edited_at": "2026-04-10T05:57:08Z"}}, {"type": "Feature", "geometry": {"type": "LineString", "coordinates": [[75.8565864, 22.7140093], [75.8565872, 22.7137812], [75.8565867, 22.7136923], [75.8565692, 22.7135503]]}, "properties": {"highway": "secondary", "source_id": "way/1393746962", "edited_at": "2025-06-10T05:40:50Z"}}, {"type": "Feature", "geometry": {"type": "LineString", "coordinates": [[75.8562009, 22.7138793], [75.8563584, 22.7139675], [75.8565864, 22.7140093]]}, "properties": {"highway": "secondary", "name": "PandhariNath Path", "source_id": "way/1393746963", "edited_at": "2025-06-10T05:40:50Z"}}, {"type": "Feature", "geometry": {"type": "LineString", "coordinates": [[75.8559346, 22.7182584], [75.8560344, 22.7173061], [75.8560755, 22.7169502], [75.8560907, 22.7168822], [75.8561842, 22.7164097], [75.8561951, 22.7163727]]}, "properties": {"highway": "tertiary", "source_id": "way/1393746964", "edited_at": "2025-06-10T05:40:50Z"}}, {"type": "Feature", "geometry": {"type": "LineString", "coordinates": [[75.8566025, 22.7150848], [75.8569371, 22.7151985], [75.8571754, 22.7152747], [75.8572861, 22.7153295], [75.8573174, 22.7153554], [75.8573382, 22.7153764], [75.8573502, 22.7153943], [75.8573677, 22.7154333]]}, "properties": {"highway": "residential", "source_id": "way/1393746965", "edited_at": "2025-06-10T05:40:50Z"}}, {"type": "Feature", "geometry": {"type": "LineString", "coordinates": [[75.8635897, 22.7249677], [75.8635974, 22.7249026], [75.863616, 22.7247742]]}, "properties": {"highway": "residential", "source_id": "way/1396268003", "edited_at": "2025-06-18T16:12:56Z"}}, {"type": "Feature", "geometry": {"type": "LineString", "coordinates": [[75.8524525, 22.7229904], [75.8524493, 22.7229203], [75.8524196, 22.7227876], [75.8523919, 22.7223752]]}, "properties": {"highway": "residential", "source_id": "way/1409231331", "edited_at": "2025-06-24T14:09:35Z"}}, {"type": "Feature", "geometry": {"type": "LineString", "coordinates": [[75.8604131, 22.7107789], [75.8603304, 22.7109597]]}, "properties": {"highway": "tertiary", "source_id": "way/1497635591", "edited_at": "2026-04-08T10:23:30Z"}}, {"type": "Feature", "geometry": {"type": "LineString", "coordinates": [[75.8598359, 22.7121818], [75.8598199, 22.7122239], [75.8597166, 22.7124507], [75.8595271, 22.712667]]}, "properties": {"highway": "tertiary", "source_id": "way/1497635592", "edited_at": "2026-04-10T05:57:08Z"}}, {"type": "Feature", "geometry": {"type": "LineString", "coordinates": [[75.8595561, 22.7137388], [75.8597521, 22.7137298], [75.8602531, 22.7137066]]}, "properties": {"highway": "residential", "source_id": "way/1498122111", "edited_at": "2026-04-10T05:57:08Z"}}, {"type": "Feature", "geometry": {"type": "LineString", "coordinates": [[75.859656, 22.7164449], [75.8596452, 22.7162835]]}, "properties": {"highway": "tertiary", "source_id": "way/1498122112", "edited_at": "2026-04-10T05:57:08Z"}}, {"type": "Feature", "geometry": {"type": "LineString", "coordinates": [[75.8597841, 22.7150465], [75.8597357, 22.7151259], [75.8596137, 22.7161889], [75.8596452, 22.7162835]]}, "properties": {"highway": "tertiary", "source_id": "way/1498122113", "edited_at": "2026-04-10T05:57:08Z"}}, {"type": "Feature", "geometry": {"type": "LineString", "coordinates": [[75.8596452, 22.7162835], [75.8596922, 22.7162062], [75.8598118, 22.7151346], [75.8597841, 22.7150465]]}, "properties": {"highway": "tertiary", "source_id": "way/1498122114", "edited_at": "2026-04-10T05:57:08Z"}}, {"type": "Feature", "geometry": {"type": "LineString", "coordinates": [[75.8591604, 22.7130196], [75.8592541, 22.7129603], [75.8595119, 22.7127394], [75.8595271, 22.712667]]}, "properties": {"highway": "tertiary", "source_id": "way/1498122115", "edited_at": "2026-04-10T05:57:08Z"}}, {"type": "Feature", "geometry": {"type": "LineString", "coordinates": [[75.8595271, 22.712667], [75.8594458, 22.7126955], [75.859207, 22.7128912], [75.8591164, 22.712951]]}, "properties": {"highway": "tertiary", "source_id": "way/1498122116", "edited_at": "2026-04-10T05:57:08Z"}}, {"type": "Feature", "geometry": {"type": "LineString", "coordinates": [[75.8585289, 22.7176706], [75.8585701, 22.7177774], [75.8585848, 22.717905], [75.8585841, 22.7179756]]}, "properties": {"highway": "footway", "source_id": "way/1498123152", "edited_at": "2026-04-10T06:08:27Z"}}, {"type": "Feature", "geometry": {"type": "LineString", "coordinates": [[75.8592201, 22.7180634], [75.8594116, 22.7180864]]}, "properties": {"highway": "service", "source_id": "way/1498123153", "edited_at": "2026-04-10T06:08:27Z"}}, {"type": "Feature", "geometry": {"type": "LineString", "coordinates": [[75.8585841, 22.7179756], [75.8584669, 22.718254]]}, "properties": {"highway": "footway", "source_id": "way/1498123154", "edited_at": "2026-04-10T06:08:27Z"}}, {"type": "Feature", "geometry": {"type": "LineString", "coordinates": [[75.8591601, 22.7180551], [75.8592201, 22.7180634]]}, "properties": {"highway": "steps", "source_id": "way/1498123155", "edited_at": "2026-04-10T06:08:27Z"}}, {"type": "Feature", "geometry": {"type": "LineString", "coordinates": [[75.8585337, 22.7197693], [75.8584965, 22.7198605]]}, "properties": {"highway": "secondary", "source_id": "way/1498123392", "edited_at": "2026-04-10T06:10:38Z"}}, {"type": "Feature", "geometry": {"type": "LineString", "coordinates": [[75.8501485, 22.7223695], [75.8501345, 22.7223484], [75.8501136, 22.722333], [75.8500882, 22.7223251], [75.8500615, 22.7223257], [75.8500366, 22.7223348], [75.8500165, 22.7223511], [75.8500037, 22.7223728], [75.8499997, 22.7223972], [75.850005, 22.7224214], [75.850019, 22.7224425], [75.8500399, 22.7224579], [75.8500653, 22.7224657], [75.850092, 22.7224651], [75.8501169, 22.7224561], [75.850137, 22.7224398], [75.8501498, 22.7224181], [75.8501538, 22.7223937], [75.8501485, 22.7223695]]}, "properties": {"highway": "secondary", "source_id": "way/1557605243", "edited_at": "2026-09-09T12:05:37Z"}}, {"type": "Feature", "geometry": {"type": "LineString", "coordinates": [[75.850005, 22.7224214], [75.8497462, 22.7225018], [75.8495805, 22.7225454], [75.8493343, 22.7225951], [75.8492679, 22.7226006], [75.8489868, 22.7226315], [75.8487049, 22.7226625], [75.8485613, 22.7226699], [75.8480058, 22.7227353], [75.8473481, 22.7227826], [75.8471435, 22.7227987], [75.8461716, 22.7228601], [75.8460122, 22.7228723], [75.8458252, 22.7228923], [75.8457521, 22.7229044], [75.8456885, 22.7229199], [75.8455952, 22.7229323]]}, "properties": {"highway": "secondary", "source_id": "way/1557605244", "edited_at": "2026-09-09T12:05:37Z"}}]}